TeamName,Score
Takeo Mitsumoto,633.7
romanohu,171.9
Shanmoshibo Heng,816.7
MyRoom,223.3
Takashiki,14.3
yashjakhar99,625.0
Ketchum Alt,997.1
Ahmet Abdullah Gültekin,454.2
Nghia Tran,1037.2
THE TORQUE WRENCHES,812.6
rick,937.7
bgsszsa,903.2
HayatoFujihara,940.9
Jales Ferreira,541.5
takuya asami,600.0
PLReddy23,289.5
Reinhard,635.6
Sunny Nguyen,1073.4
PokeMasters,597.6
nifuramu,725.9
Ken-ichi Ishii,331.7
kaerururu,718.3
Natsuki Kasubata,785.5
seven,732.9
aym283,743.2
kouta0226,536.5
FinlaMor,669.2
シャカパチロボ,635.4
thunder_ftg,785.4
soramame0311,686.3
viss,768.2
大久保寿人,713.9
laddaL,424.8
Jason Anderson,773.7
yoruno281,281.0
Oniku,885.2
DataLover,943.1
DaisukeFukuda6636,709.7
KTG,523.0
soraemon,856.1
kimkimkirn,630.1
koucha,959.6
yato higa,762.0
mitsuba,607.2
Salt708,506.4
katsudon 421,1150
Kaiya Kawata,859.2
筒井勝利,573.7
SHUBHOJIT NASKAR,817.9
okubyfire,417.9
Aditya Sharma,781.9
L7n,1092.4
kawauso,673.1
yucho147,626.8
Ortiz-AI Partners,471.5
hikimay,876.2
shinagawa monjiro,536.7
coba11,650.0
nmdcddwzml,482.7
Hitoshi Mochizuki,544.6
PavelLiashkov,615.1
Terminal 7,705.9
hannahepta,743.9
中村文彌,553.9
Seasaw,532.9
Why Is It So,326.0
himhim616,618.9
Zwieks,560.3
Takuro Abe,724.6
Matthew Ji,311.4
yakiniku.nagoya,754.6
hikahika,606.0
kawachi,1052.3
Ko,442.9
toru,545.8
iwata hiroki,945.6
Changyuan Chen,1016.4
Aoi Umigishi,527.5
[Deleted] 6b0fd188-7934-48ef-9477-b2651411d504,283.3
Chekhlov Dmitrii,540.4
Safiullah Baig,1150
André Fernandes,712.5
psyrax012,682.9
どんぐりん,756.3
poyothon,295.8
VeeVee!Go,624.2
Ultra7,343.8
banana,698.0
Tommy Mancino,772.0
Semih Işık,718.9
MelioniDas,523.4
NiaAtSyzd,547.5
pkchansanai,892.5
keta39,733.8
KAI JP,706.1
Blaine Hill,491.0
ryoooooo,478.4
mashirome,503.3
ZZZ gang ML clan team muxomor,895.8
PeterOldriver,346.9
Squirrel,591.8
HIROkkkki,479.6
haru0707,685.6
keitaro_nakashima,793.0
TTU Thome,934.7
PoKade,1045.9
Soshosai-Live!,766.5
S3R3Bii,672.0
TAKUMARU KOBO,506.2
niimi_kaggle,582.1
おちゃ,487.9
nalu0926,504.0
"Jhu, Jhe-Yi",812.8
cAco3,667.5
Pult Pounders ;),885.5
KE1TA0144,672.6
Tsubasa Kanno,702.7
yashilinnnnnn0216,505.8
Myagi,666.7
Hinapipipipi,528.9
TheDigitalCK,660.2
りんなな,469.4
🐱KittenLeague🐱,657.9
berry8192,582.2
Nullx2,700.6
Team HAL,850.0
cyan32,663.6
Tsuyoshi Fujii,454.0
nowan,871.6
Kotaro OKUYAMA,704.0
georgexue666,448.0
Syhhhhhhhhhhhh,798.2
f,777.7
Aarit Haldar,391.9
Indianelephant,773.8
HalfMoonbear2,606.4
ak4ne,619.8
yayoi111,692.1
MaggyoWIMPS,477.0
HSB,334.9
tsuvo,984.3
まきたくん,234.7
Teddy McBride,861.8
Metanoon,435.1
nishikawa,827.3
IamDiganta.7,813.3
ToGaChan,320.8
ShiumAI,1008.5
xo_oblz,744.3
huurou,436.6
Mega Layer eX,952.9
G_nuoh,727.9
SATOYUKI HATA,373.1
nanamituki,393.6
やる気元気ミワハルキ,1125.4
matcha110,942.8
kiyomaro026,405.3
mm-1989,628.2
Wejdan Al-Ahmadi,640.6
Naoki Maeda,817.7
s2terminal,522.9
Horikita Saku,709.0
Hamachi,988.2
wangyuou,881.0
trickstar,805.3
フクフク,789.7
monnu,1036.4
waiwai0121,670.2
Sanc Tuary,383.6
shushu,592.7
vvs,562.9
Raymond Brunell,756.4
haruki nishio,820.6
fp563yu,887.0
Natalia Jaśkowska,848.1
いせえび,753.5
y.y.y.1024,220.2
pes_magic,465.0
Ajishio,1111.1
suikkee,326.7
Hiromi Motodera,529.8
Ryota-Sasaki023,430.3
Teteapod,879.6
itohudo,656.1
Koshiro Yamada,248.2
Anna Wood,765.0
Hidaka,620.0
TOMONORI TAKEUCHI,659.5
hiroto fujimori,583.7
Pavel Pavlov,1051.3
dddmd,1028.3
Charon,712.0
yamamon,769.7
Hiểu Vy,713.7
kibake,702.0
LaiCxm,557.1
Akhil Kumar060,578.6
Nikita Babych,472.2
Neil Bhatkhande,442.1
yuki #6,645.3
KojiKRSE,715.5
Denki39,691.1
ShumingFang,576.2
Kuuma5,637.8
nogu,786.4
sakimyto,909.3
dev yankawa,896.6
Sukjae Cho,968.5
Simon-the-sorcerer,256.0
uma.k42.mr,617.8
DeeSaa,961.6
Maxwell Goisman,572.6
klog,988.3
SUN,769.6
David lillie,545.1
Ryosuke SHIMIZU,766.0
Shirag Maharaj,844.5
natz,657.6
Y.Kaisei,624.0
fumishiki,892.8
Ethan Yang,542.4
Shuren_Akane,467.0
Yasuharu Hirado,302.9
Kensei,645.7
Arbidos,721.4
ShumpeiNomura,1177.8
koshien1984,446.6
Yehun Jeon,575.7
PLUS OMI,297.5
Jahan Kazimi,556.6
Atamol,551.0
shimasoft,571.7
SHOICHIRO NISHIDA,691.9
Ethereal49,868.6
Dmitry Volovikov,919.7
Ajay_Rao_43,861.3
quwon_000,856.0
Shigeki,795.0
Kakeru Hashimoto kaito,570.5
Daniel Casellas,995.9
aa mujou,618.5
Kuga Miyabi,433.3
Hongbin Guokaggle,976.1
mushikera,987.5
Abhyuday,771.6
For Good Measure,752.6
chuchumon0411,813.3
Haiku,669.6
RLAP,483.4
Ehimen Nathaniel,754.4
Kakeru,734.0
磯部清介,551.2
Malton,545.9
suirindo,711.4
Tahsin Arafat,762.3
Pech1,716.7
ろう39,719.2
POKEDEMIA_ISSEI,630.2
Kasra Rahjerdi,713.5
One Turn Off Lethal,756.5
Saku Daku,328.0
MR.h,1021.9
Kimiaki Nakamura,1150
Pranay,593.1
cha7ura,750.0
hamza khokhar890,818.5
niino,460.7
Sanjay20052,583.1
KD,365.7
Kota Munaoka,490.6
Kinf11,897.7
인공저능연구소( Artificial Idiocy Lab ),948.6
Masatoshi Henmi,939.1
"shunsuke,nashiki",819.5
スズキケント,607.5
nya000000n,706.1
sunnariwakaru,600.6
nyanlinnmya,805.8
Rafael Flor Rodríguez-Rabadán,420.6
Tsukusim,357.6
Jun AKita,346.8
tennogh,823.7
ToMY F.,594.7
KuchiKiya,536.3
seiya.n21,819.4
マクリル（マクリル）,849.9
Kanata Iriyama,791.1
Thomas Young,481.9
okadayuki,553.3
s.kawabata0318,371.5
sakataxr,641.1
nathanmcateer,553.8
Brandon Ellis,496.2
Shoya Kurokawa,765.0
Akihiro Nomura,412.4
Billy Bradley,600.0
shu-piplup,769.9
ipruning,745.2
so-ta,648.7
nattomaki,1150
BlueSteel,533.5
茅島新矢,332.4
Abhishek Raghuwanshi,291.2
yawara,815.0
Will,808.4
kosuke-shimizu,879.0
koumiyata,656.6
FirstSS-Sub,1150
難波彰史,830.5
guohaowen,766.9
Bruno Jos/e Marques,630.9
masahiro katayama,499.9
shg195,908.1
tokimashita,859.9
makosukepapa,684.6
TwinTV,684.4
mo84dan5,632.7
Diego Pacheco,490.0
flaty,888.6
Mikio,724.6
テツノバスタ,759.9
YYma1201,702.4
Kazuhiro Masuyama,870.9
N.Takut,683.2
Junichi Hatano,507.7
Bakuney,919.7
Ghulam Ahmad,749.2
Rataro.S,580.8
Reossann,566.1
altvision,477.6
Liviu Alexandru Bobocu,516.7
niyo,973.6
msas111,817.9
Kazuki.kkkoizumi,483.5
tadashi04,624.2
MagicTrashBag,917.2
Isabella Wu,698.4
世界のたまちゃん,614.4
aoi_sugawara,372.3
lollipop947,753.0
harsh,515.3
kkunizaw,636.6
sugawarachikara,494.5
Alex Boyd,731.5
shiiin9,842.1
tonimasu,578.0
MAKOTO MATUDA,790.1
Aakansha.aakaa,478.6
Jay,242.2
Mactorr,580.5
Yuta Watanabe,843.7
Yaro Perventsev,744.3
yoiki,723.6
MIRAI LAB,807.4
Takibi,688.3
tamanegi1111,723.7
halup,1150
heren-27,672.4
k3nt,675.3
oct_path,828.1
Chellick,947.5
Kevin Ramirez,916.1
esu_oshawott,346.6
Koba Empire,1051.9
Kirill Krasikov,543.6
github/shepsci/kaggle-skill,1016.8
moisutsu,713.4
Tai Yoda,342.2
kuritamar,837.2
HEROPAP,609.5
Gotta Prompt ’Em All,870.5
Ryuto Yoda,837.9
Clanishing Hammers,578.8
hiroshun,673.2
Andrin Rehmann,630.2
hydrogenbonds,587.5
true-machida,364.2
yuhei,708.7
digimagi,668.8
littlecitizen,312.9
djschmit,1055.4
juice-le,363.6
KodaiKatayama,685.7
Needleham,283.8
清水一希,908.0
ronniepiku,544.3
PokePoke-777,879.1
Varish Guharaman,577.4
0xWhalet,789.8
EL,705.8
chy345,819.4
安藤駿介,799.8
rkd,546.2
mayukistarry,458.8
TGMATH,895.6
LeonArdoV.,684.4
Budew,978.5
Shoto,998.1
poolim,591.9
DhawalModi,518.3
Bancho,781.7
sota_k_1021,526.4
うめくみ,221.6
Pokkén,1064.7
NangJP,810.9
Bright O.H.,712.3
魔法少女ノ魔女裁判,825.8
Help-Computa,797.3
mtskggle,731.4
nodel,565.3
uesi,914.9
NaNomin,615.3
EF,1150
Unicorn,832.6
Iwasaki Takanori,659.6
yottan0304,683.6
RyotaNakajima,743.4
hironobu sakuma,636.4
Finlay Anderson,780.0
Sean Jeong,555.2
William Humphrey,675.0
guglilac,544.0
Tanupro,904.2
ntk_ta01,656.9
Manan Gupta,829.1
Kyoungwon Jeong,371.6
Francisco Vargas,585.6
wani,343.7
ミラクレ,514.9
TG_Aetheryx,1150
齐乐,453.3
kawauso9n,602.0
tyakku_k2k,548.9
IShun,427.1
Alan Scott Encinas,826.6
takahi526,451.6
haiy_qq,901.0
protoAgent,760.1
Ty-Yuki,931.4
Ryoki Kunii,275.8
chinaq,649.7
tsukammo,1070.0
kazu107,755.2
NaoKato,639.5
Topdecking is All You Need,724.3
takanori-suzuki-desu,714.5
Z19 Maker,400.6
Christian Rangel,454.5
Bondo,382.0
Katsuhito Muroi,901.9
midnq,783.3
Ryohei Matsumoto,600.9
ISSEI,860.8
Shota Hirao,847.7
Ryutaro Murayama,753.2
水間,928.8
Marco DG,423.0
TAKESHI7676,736.6
gecogeco,528.7
philip next,668.3
Collin Christensen,817.3
TomTom,720.7
matsubarajotaro,632.8
Dancing_RYAN,480.6
Haruki Miura,689.0
SeaEag1e,593.7
ryoya,1042.2
Tommy,748.1
Kohta.F,751.3
Genki,826.7
CourtB559,654.8
taksai,647.9
nya,437.5
Suneet Kumar Saini,262.8
tadashikato,769.8
Florian Tanguy,394.3
hau,616.3
ToastUz,589.2
Panoptes,369.9
shintaro2026,791.1
xsong2020,838.4
Siqi Jia,734.7
monyai,566.6
auaua159,825.9
Totomatotomato,581.7
anngle,892.9
Lior Toledano,816.3
YU YAUCHI,725.4
HIrora10,792.1
Bata09,1099.1
Nicolai Karcher,817.7
larry54321zhao,676.2
東城立憲,319.9
Yuuma Funasaka,642.5
Naoshin,870.8
HARUKI HARADA,652.7
solle,680.6
tomokawa,701.5
没落者,799.6
bigwave2,651.6
heart_mugi,548.3
shogo1229,864.5
bonsai,998.9
Ohashi,777.2
Shachify,861.7
Yosuke Yamaji,660.7
Poké Bowl,847.9
M Sato,740.3
yuyutech(Genuine),771.0
Shintaro Sekimoto,519.6
askamijo,961.1
naoteru nakamura,432.3
Fumi,985.6
sh1kuwasa,530.7
alekh,381.3
Shion Fukuzawa,661.8
monnosuke,1150
Maxim Simakov,523.0
DeviPriya Raju,509.9
Been Seo,802.6
yanakatsu,703.4
Prashant Kikani,672.1
lol_dino,651.3
Akito Maruo,956.0
Oshbocker,981.7
balake235,727.1
Mokuron01,683.3
Kawee Lekmuenwai,681.8
Team BlackBox,1081.2
pop-ketle,512.6
RyoK,813.8
norizuca,696.4
G Pokemon,948.1
taichi-1,520.0
Yuta_poke,524.2
あれすくん,718.4
Swampert,737.4
SoshiSaito,113.6
Toshiki Shinju,875.9
NOISEFALLACY,860.1
Leocthl,784.8
Kobasun,619.4
Aikimi,744.0
NSK,820.1
Andreas Palmgren,609.3
Mitudru Dutta,794.0
khj1222,759.0
Eesh saxena,565.6
The Weeknd,426.9
VK,818.6
Kawamura Shoma,680.8
Bigree,521.9
Miao,443.5
Marshall Maximizer,771.0
LumenLiquidity,751.3
sato7564,485.3
RED,691.6
PxlPau,476.2
Ryuuji Yoshinaga,740.8
Gaku Shimoyama,275.7
Tensa.bit,746.8
ysakuragi,992.2
sidney gautrau,459.8
mands,752.6
DittleDev,689.8
いもぺ,498.0
KiChang.Kim,693.0
Mayuko Tatsuki,678.1
Kawake1,320.5
Moegi,1121.4
owaowata,697.5
lackmind,665.9
knshnb,732.0
Y M,639.9
Honda Motomasa,583.2
graybackcat,861.0
irelia 0/11/2,427.0
Achal Jain,825.9
キキ327(トウカ),908.0
Saianiruth M,522.2
Alexandru Tanasel,923.0
C,426.8
RickArko,507.1
Waha,419.5
pokesom,406.7
中村円威,670.3
noikaret,990.7
kkanayj,841.4
mshibatatt,497.9
nun,667.3
Matthew Potteiger,835.3
Fernando Ruiloba,496.3
re_eee_ne,530.6
HirokiGLHF,511.7
y.shimada,840.6
M Rislan Tristansyah,625.2
miruto,688.2
Ludicolocolo,434.8
ぶれめか,679.8
Kaikaku,660.6
tomoki225255,841.6
Le Chaton Fat,377.2
m333studio,780.0
ZAMA,555.1
kevin28gou,671.6
mishio,430.2
Yuya Fujiwara,862.7
r1ck.sync,774.6
Shizk2205,756.4
nekobo,686.3
piooone,260.7
Kuriboh,806.9
Sijin Yu,533.0
akay,477.9
Masaya_SAN,661.2
snowsapphire,985.7
Ausrine,979.2
FcoUniverse,517.5
Ohnishiiii,777.5
tsumuit,724.6
denden,775.9
rmoooi,902.3
Famous VibeCoder On The Earth,619.4
Pika 1,600.0
jiwon95,475.4
builds,603.2
clawspark,597.3
Dick Jessen William,1202.4
Mai Kevin,468.6
t.eno,824.0
the mudkips,628.6
UMRgurashi,270.7
Yuta Tadokoro,524.9
田中紘章,686.9
saxsir,718.0
Jerryssk31,610.6
シュテファン,210.4
Anthony Ellis,759.6
Dirk Moreno Arias,409.9
taka0808,911.5
qiao jinxia07,836.8
YK-Orfeluna,520.4
andmohiko,679.2
tahi,797.0
arutoria,670.8
Codyzzzz,789.3
LIn Lin,847.1
Edward Lue Chee Lip,821.1
Kiyotaka Kobayashi,486.2
PLAYERshi,680.0
Du Dinh,782.1
sleeping aqua,345.9
Cafelatte1,340.4
Tia_Stella,712.5
ShinjiroKuroda,969.4
qqqqqqq1111,533.1
NeXT.MeTA,165.3
amokun,633.4
Tatsuya50,622.2
Patrick M.,629.6
radian0523,731.1
WintoMT mo,452.8
Joseph Kharzo,592.9
Emanuel Lázaro,586.3
SunaD0630,769.1
tokawa2997,990.0
なかけん,578.1
kouki__k_4869,817.9
Roma Tikhonov,703.3
AM,831.2
Prify Philip,690.7
SCU_12600883,862.9
MEROBO,685.4
vibechu,937.1
torii_kujirapoke,594.1
まっさん,435.9
MamiMamiko,750.8
Tetsuya A,467.4
Gotem Penguin,1150
kawanot,411.2
l2658183739,799.1
Marius K,715.5
hrkunno,365.2
greySnow,631.9
PKMN Trainer L,590.3
Yuki Mizutani,529.9
Brendan Gho,798.7
RyotaroAbe,627.7
Deobot,362.0
Saikattyo,733.7
Mathurin Ache,996.6
hibi,751.1
ヌメルゴンex,748.8
Xinda Ding,449.7
Kohecchi,721.7
Wataya Iga,745.4
ASAGAO,700.7
Hexylab,1009.7
Haruto Koizumi,807.5
blue0620,1150
Carlos David Andrade,405.5
JKong,317.4
Ryusei Murakami,593.3
Tsubasa Hirose,680.6
Takahide Seki,724.7
EliKal,608.9
西松大祐,884.0
surugawannoebi,808.8
kekekk,676.2
Tuna Xiao,546.0
Kerusu1984,503.4
pompom555,1010.8
RtoABC,921.1
foooota,792.1
Joey Dufourd,631.5
MITSU,176.1
BasicallyBot,380.3
Atomu Naka,926.1
Kaleidoooooo,706.5
hamuhei,879.0
Herrmannw,773.7
Takuya Shinozaki,378.4
Masatoshi Hidaka,889.0
nishiki,812.0
kuromoka,739.5
daigakupotato,576.3
atknak,484.2
Hwan Chang,496.9
Flood Beast,476.8
Toshiko1031,690.7
Luke Francis,587.4
TAKESHI KANEKO,567.4
Mualli,132.3
yut,242.1
Danielvo59,728.3
Shiri,765.7
Kirderf,585.7
zegure392end5321d,542.4
BRIJITH,821.1
Steve Watson,523.8
paistieco,658.2
Shunsuke Kurita,824.6
Lucas Sterniak,507.1
elroy3141,282.0
ottojr,535.0
Sama,209.7
Ryota Matsuki,637.7
Takauchi Suguru,311.0
藤田聖矢,380.3
professor oak,835.3
yu24march,733.9
Pocket Arena,502.6
zono819,427.1
bkal01,520.9
ホテルくましい,678.0
naoki,531.8
Empty Hand,912.3
Yuki Yanagi,672.2
KouFu,712.6
Otsuka Naotsugu,912.3
Master Yoio,408.3
mqi666,408.1
hinata1119,722.5
stale2000,720.3
SOVEREIGN,230.4
zhan renyi,748.3
KuboiYusuke,734.0
iruka4444,889.9
T_death,355.1
tanaka yamada,0.0
Pascal,738.3
fakermitu,606.3
goukenn,317.9
Yoshimura Soichiro,956.4
Jebriel Abdul,656.2
razona,765.7
RicardoLópez,792.6
ebrownel,328.0
Arthurs Torres24,690.7
尾崎裕基,679.8
Toru59er,901.9
Timothy Bender (TBenderMMA),613.1
Soliruss,602.4
NuuNohjo,674.3
EmoLab,627.8
SIGOTO,652.0
YIN,1083.1
Orin,951.9
redm,743.9
Quan Nguyen,869.3
Kerminal,458.7
cimyzzz,957.6
tarou_imokenpi,680.2
Janglish,980.2
dhue123,673.1
yuna5577,646.4
yakitori55,329.3
樹神,812.0
Kaung Htet San,853.5
（かえる）,768.2
Yujiro Seki,488.8
kt,860.4
Momotaro1226,559.6
taopy2,923.6
humita,733.8
yu_yukk_y,444.3
情理とこうせい,720.3
Team D,850.9
capella,687.0
Huangxiayiluo,781.1
y.saito,768.5
Jermaine Wiggins,438.1
nescence,686.2
nakusnakus,667.0
Samsay24,684.0
Yuichi Yoshida,543.9
ポケポケマスター,885.1
Iadh Jarray,800.9
K.A,531.8
miya,645.4
sy0718,433.1
hirune924,710.3
kisamaki0815,325.6
みずあめ,1075.8
snowfairytea,217.6
riku_cascade,477.1
Neubor,730.1
sitne,884.6
Ryu310_bnb,473.3
tk,885.6
KouchSato,613.2
yun8686,518.2
poppy457,971.6
watawata_user,559.2
Leifson1337,608.3
hattori88,655.4
HoooosE,693.6
Karolina Kafel,1150
Kaii,450.6
[RU] Nikita Kuznetsov,851.9
SkiChu,823.9
datascientists,691.2
Fuzoku,859.1
YusukeKatoPremium,821.9
mamaPaPa Cloude,660.5
fu,498.9
FJMT,771.2
АНАНАС,966.0
チーム魔剤,778.4
Vigneshmurali Iyer,395.7
Kyo_s_s,979.8
Juan Zapata,402.7
Kenst Ligu,791.2
Kazuya Hirose,826.0
wmore8,779.1
kotone,519.2
askbox,684.1
Carter Davis,531.3
Nikodem Kuliś,657.6
ゆづいぶ,574.5
Fumisky,503.8
Shih Hua Chou,703.5
Borrun,807.3
yq line,897.7
yusuke0723,743.8
Leopard Jaguar,742.7
zoira,891.6
MiTo Barchetta,688.2
Phil_Hellmuth,854.3
yuhas0726,600.0
Masashi Oohira,458.4
Rotation Theory,632.8
Watta,525.4
MewVMAX,303.8
Koki _1231,914.8
Ats Kubo,684.5
tk1024,538.8
Fの人,522.8
Mesut Gözdemir,434.2
Takahiro Cho,344.5
muko,644.0
Raster0x2a,652.1
Allan Kássio Beckman Soares da Cruz,313.1
D_en3120,704.6
nishikun,495.2
codebeforework,941.1
EclipseHW,216.8
Neko,701.6
GGMaster,740.7
Kaiba Corporation,638.8
kaneko takafumi,749.6
kwsk0907,324.1
Pushu?,683.4
Rojiura Studio,729.6
King-Hal,441.6
hiru0118,468.7
Condor,579.2
MamMr,393.2
Alvin_Lee,365.5
miyajiyuta,566.9
ryamamon,491.1
TechRegigigas,612.8
Super Monkey42,483.4
eikichi,395.9
jp_nerdery,731.5
aaaaaa,590.1
Hikaru Ebihara,457.3
Sapiens Livre,337.0
anthonychiang000,521.4
Brian,546.5
Kaito Fukami,733.1
Dasinu,953.5
Andrew Daniels,655.7
Nozopo,268.4
Arrtaa,834.7
Sho Hasegawa,557.6
Seiha,332.6
currypurin,406.3
Takasawy,668.3
N,678.9
OgawaraMakoto(Noah),632.3
Got That Weedle?,1051.4
Ryo Ochi,1008.3
The Lion Pride,144.1
StormGrid Lab,425.1
gerbera_105,597.4
taiki,1023.7
Pilkwang Kim,949.7
河村直樹,747.8
齋藤壮汰,637.2
Дворкин Евгений Владимирович,396.5
Fomo,870.3
Kalameet,384.8
を,1119.2
yamuyamu,623.2
princehur,855.0
Cerys Jones,806.1
infamemconculcemus,854.7
ren110,439.2
Xiaolei Lian,851.3
Yufeng,908.6
shibachan,690.2
SORA,687.4
PhiRogue,300.3
highwide,580.8
reika555,756.0
chakaravarthi j,522.3
akamiko,702.3
K MATSUI,662.9
結束バンド,588.8
XIAODOUZI,923.0
yoikoarmor,645.4
Hattoriiiiii,264.9
Arun R.noa,181.2
Eruto Kondo,809.6
dararu,603.2
くりたんとたけちゃん,822.6
mono_ogu,511.3
Kaiman2110,390.4
takoyaki_taiyaki,358.8
Inlon Kou,1032.2
MeMu,725.6
Yuki Nakatsuka,451.3
warabimochi-king,705.9
Efthimios,857.1
haruhi s,205.1
Mereci,735.0
Tomohide N,717.6
Jakub Pasečný (Fujka293),472.1
OzanM.,928.3
senkin13,743.0
Chipping Spearow,648.4
trow126,398.1
yue13,968.0
syosinsya,346.8
Ryoya Tanoue,300.6
mutou,499.3
ljdzzz10,496.3
oji12_king,468.0
taya,460.0
Silas Kinsman,369.0
sasanatu72,948.2
Satoru Sugizaki,510.1
Diogo Sena,676.8
Takumu Hata,444.9
Gosuke Watanabe,529.9
Akhil Chinta,845.4
Mudkip_88,495.5
Andrew Lee,355.5
Léo DEVIN,502.0
CleAAAAAA,603.7
keroqueue,566.8
mitomeat823,864.3
Cada,321.0
nomal_sheep,655.1
yuu2704,748.6
ShoDryu,913.0
mori0520mori,733.3
luis derares,580.5
ASDA,423.1
ryopulse,725.8
Ryoga Naito,916.9
Aditya Sasidhar,546.1
panda__MB__maximus,879.0
Michey0495,869.1
feles42,630.7
Zheng Tang,413.4
PyJa,938.3
takuya008,543.9
YOGA RAJ 1503,491.8
Tri Nguyen,541.0
Tomoya Otani,566.5
新松戸ポケカ研究所,393.7
pineorpine,519.4
nagisora,397.9
SkySell,919.8
teetru,992.2
nakkan_AI,756.8
ゼミ費ください。,717.3
テン,600.7
So Momma,557.8
東アジアフォレストリバー探検隊,652.5
Karthik Ragulan,448.0
pepe,741.5
Yuiki,1037.2
たいたん,825.7
disgruntled.coffee,940.2
Kumajiro,100.2
T U (seiryu0730),512.1
ken4500,805.4
Bugis,821.5
brackylove,264.5
ЧАРИЗАРД Я ВЫБИРАЮ ТЕБЯ,967.0
morikennnnn,175.8
usubazzz,396.7
Team kuma,1150
fuga doggo,686.7
Roman Rozen,827.5
Kurokawa,832.3
Danny,792.9
TaSuy,719.4
ky_penyo,672.0
Shakthi Kondamoni,661.7
青学技術開発チーム,622.5
kidnanarya,453.0
Florian Brunotte,363.8
kokonoka,210.5
soba sobasoba,495.9
TY0912,812.7
So Mukaichi,800.2
KK_1999,729.3
TBBJason,997.6
mikke9747,728.2
Sébastien henry,153.7
Daksh_Malhotra_Kaggle,801.9
spacekkk,903.1
TaiNingLiao,741.7
T Okano,599.9
ymandso,631.7
cam3ronc,924.1
Down_Town_robato,487.7
MKTRIP,382.1
keidroid,1366.9
EitaF,566.8
NayuNayu,593.5
kojimari,580.4
clora,729.1
Taimo,639.9
CSCMU,593.5
nabepoke,650.4
Pratikp02,402.1
piro3112,336.1
Angus Chang,952.1
Uta U,841.5
HID_garal,524.3
Riku Suzuki,777.8
Shanghai,756.6
AbhilashVJ,612.7
yu10,600.0
nanocloudx,606.0
ktm,958.6
matsuda2929,537.5
LunarLabs,397.1
箕面からこんにちわ,657.9
mochamocha_Y,653.2
zhang et al.,774.9
lucky,568.7
program,410.5
Keita Kakinuma,340.0
yuta_muds,673.1
RG,321.8
Cosmic Birefringence,937.0
osgggg,953.8
Fahim Faisal,837.2
gosu.Kouts,739.1
Brian Yong,922.1
maniginam,786.3
kibinyan,323.7
motemen,658.2
Issac Netero,1079.8
takaygiiiiiiii,1081.4
yk724985,661.9
jorge fabian avila,658.5
orecci,11.2
Shota Yamazaki,292.0
yomogii,915.5
Brian Altan,861.7
URAD,808.5
ShoheiSaito,642.4
Pure Spirit,689.9
suzutanuki,803.1
CaRuff,701.9
mashuuuooo,600.0
delightening,473.4
ri5de2408,447.7
minasehiro,747.5
ohnuma,670.0
香村貴之,848.8
PP.TAKEHIRO_KAWADA,671.4
Arata,612.4
Hardik Yerne,263.1
taku_sid,905.6
Majkel1337,794.1
Narumi Miyazawa,345.2
Kazuki Shiraishi,840.5
Kan,865.2
zzz_nya,673.2
Sky kun,685.5
thyme20010113,366.8
eurusoo,1016.2
GarlicToday,958.1
Quentin Barbarat,322.1
TutaevAlim,554.4
rong,353.0
kakuteki,764.1
moe,761.7
Miyatanian,439.3
soju,753.3
Team,840.6
Kento_1938,730.9
konaito,948.3
takumi_ot0000,528.2
Capitaalgain,759.9
Japanese Kaggle Newbie,940.3
Gogona557,613.6
nasubii,677.6
AlterEgoProject,337.2
Jose Coronel,821.5
ShoKSE,274.8
The8BitsLab,595.9
sho-t,251.2
ei1333,799.9
yyy yyy,558.2
小松崎　大世,808.1
SmithyAlan,739.2
anthony mbadiwe ikeme,684.1
Hiroyuki Jodai,308.1
5.5,1038.1
Xxbozohead,752.1
umsyspokeka,679.1
Paami,494.6
osam,726.7
DDDomyo,527.6
DeeRang25,548.0
Keita Yanome,844.9
fasly,584.0
Alfonso Sánchez,991.2
hirotaka kaminishi,576.1
Leona_Giga,715.4
nakonisu,704.3
Yucahu,642.0
Zero Coke,555.1
mattsu2020,852.7
tamakiken_OB,793.4
Kentaro Hirose,699.4
taku_Kuma,649.5
takahiro k0bayashi,820.2
Lonnie,691.4
ryusei,845.7
Haruto_Beginner Data Scientist,710.1
8ball,632.6
lolnazo,628.3
pcxxxxxx,349.4
SK,848.1
lucasta1,678.6
neuro168,1022.6
1++++++++,997.8
Dmitriy,821.2
Occult Lab,644.3
Natpaphon Nukhunthod,621.1
Reyhan Ksatria,857.9
Miltank Lovers,616.0
Nekoneko,410.1
pokecrey,576.1
Stanislaus Dusek,690.9
ちょろ,461.0
Clark Kitchen,935.1
conan1024hao,964.2
bohemian3657,771.6
Jihyekor02,411.0
ituhime,594.6
東京みらいテック行政書士事務所,704.5
tstakeda,428.8
zamami,821.3
PTCG_CN,872.4
Mysterious Rock Inn,486.1
AK,396.9
Konichiwa,793.9
Yushin Ito,1169.8
ryus1234,646.4
George,564.1
suzuna0831,817.2
Luca925,537.7
Athar,784.8
Thái Văn Tài,461.8
Andrew Harlen,838.6
Ravindra,340.6
らすはる,973.5
Xander,994.7
AlphaMon,800.3
nyahomaru.,507.0
DIGIPONSTER,378.2
Alghital,850.2
Bektursyn Shaimerden,995.2
dodecagon,443.2
Kouhei　Sakamoto,543.9
impaja,907.5
shu,844.1
MMA,705.3
Nori Miya,687.6
seigou,672.9
abidencewww,667.7
rｍrm129,564.7
ChenXiaoLin04,391.3
Kazuyoshi SUZUKI,881.0
GsGsSsSs,553.2
masaxsuzu,711.1
Lesiu,665.1
Victor,348.7
Muhammad Ibrahim Qasmi,639.4
Team A-B-A,456.8
KooDol,867.8
Momotaro YAMADA,696.8
loveispoison,559.6
Nidy,597.4
arrow_utpoke,655.8
YusBri,536.5
ss527936,181.6
Shoya Taguchi,902.7
fufufufufuko,841.8
WEcoS,828.5
PRMNC,741.7
taaaaaaaaaa,355.4
Roland Gerlinger,599.1
works.management,343.4
Gengar Gangsters,743.7
jarrett blumenschein,867.9
Funky,841.3
chihiro tomioka,579.0
tyindolent,653.4
totoko,615.4
jannchie,705.2
SB Kaggle,586.7
Light&Thunder,428.1
Yz,714.4
Leekyung,358.4
Star-mine,776.3
sryo,703.5
chimaki,568.4
yamato498,780.9
KEN,575.7
genki toyama,910.7
ayaya09,711.6
va,613.6
CYLIM87,550.8
ykuroka,1094.6
RubenGG94,326.0
Kuroneko,756.9
Azalearn,275.7
Bolt Up,420.9
Aditya Palit,429.1
Shishio Makoto,1039.6
shu8Cream,892.6
Farigiraf Stats,544.0
SAKU,687.9
Junkonno,214.0
tks,852.8
Xan Morice-Atkinson,612.1
Two Stooges,862.7
Pokemick,509.4
Anuj Saha,550.3
qwegat,261.1
Mikhail Breikin,219.8
Neko #2,775.3
kevotovar14,665.6
Raihan Ramadistra,954.9
Ryohei Nakamura,388.2
Tanishi＆haru,741.1
charu,836.1
Kai_zuta,353.3
Beginner's luck,795.3
20070521 assassin,726.0
ushironoko,513.9
Ian Lee,316.3
capbloo,1076.2
Ken_Ken_Pa,753.2
ONunez55,584.9
koga_poke,730.1
BioMath,1075.2
akzw,711.2
shun_otoko,816.6
YozenPoke,549.9
A.T.,891.4
mcw999,568.0
Bambang Satmoko,549.8
Sorachi KATAYAMA,241.8
あぴょぴょ,875.7
Harsh Chaudhary ml,272.3
かすみさんち,672.7
Twil3akine,760.0
Emre Bektas,521.1
wouter roels,262.6
Subhan Hussain,710.5
Amane Suzuki,761.0
Jake Palanca,790.5
Umair Zia,982.6
chanta093,472.3
Masahiko Matsui,779.5
Ding Ma,429.8
cocosu3434,777.0
ima_AI123,777.0
takerusQ,729.0
Renaissancejxj,546.3
Taishoh,641.8
tarakobasuta,607.1
Kulwinder Kapoor,313.8
佐藤広基,643.9
dkyk,769.5
Nithin maktha,972.7
MCH,677.2
Valkyrja,602.1
btk15049,1127.2
Lleyaghm,533.9
"Seok, Jeongeum",834.8
czhhhhh,318.9
一石三頭,814.1
ek,537.3
NecromanAlbert,690.3
Takuya0911,702.4
Yamada Iwao,672.7
gongdo,546.8
onionring26,538.4
MYSO,493.1
Obvio7,557.1
あむ,204.1
kkj333,804.0
TERUTERU,660.3
Atrix,598.4
L-WALID,1083.8
Joshua Davidov,700.3
almer,492.3
hashimu,894.9
立て板に水,794.6
porply,560.2
atuage70,509.2
Takuto Nishimine,896.7
Light Musing,935.8
原田龍馬,625.1
sangmin7b,938.3
platypus2000jp,853.4
Kisan Al Gaib,357.2
mimi,773.6
Furkan Pirinc,1013.6
tomioka,247.7
oisho,737.7
Sumant V J,678.6
rikulist,554.6
sk1012,755.8
gggggggg0g0,540.6
Fusahiko@555,488.2
miran0313,362.9
俺達何え?チームcudgk,883.1
fumihito mori,308.2
Glorian,597.9
lingyundev,993.4
[Deleted] 0e0ece22-59bf-4783-a38a-548ae01e7bea,707.4
tachyon_c2,955.3
Tak Jim,787.3
mk,662.3
Yuki TASHIRO,376.7
sakama,870.9
MarineYY,811.5
Ying Peter,488.1
SandeepBits,221.2
Septem27,138.1
BinomialSheep,720.2
Pratham Jain,865.7
Reki,838.1
Kensuke Kurita,356.4
Ye,899.7
Emilio Orozco,555.4
TCre15,296.3
YT,738.1
yankoGPT,723.8
Sai Syam,390.8
Insper TCG,600.2
ElephtAI,711.9
KentoKuri,658.3
yabami,491.3
Baker Jackson,528.3
Casey Bennink,659.0
Kazuhiro O,830.9
keiichi11,839.5
HAL TCG Dojo,504.8
majigori,758.6
Takuma Sakamoto,557.8
Yasuo 0/10/0,1150
souta927,297.5
alonso bardales,673.5
me-keh-dev,640.6
Jaga,1150
tabby,575.8
Yuma Takeuchi,814.4
yomogi221,642.2
kurupical,710.0
!!,543.0
ichigotosakura,848.7
Takumi Hino,733.3
Sleepy Nuts,488.7
hina-no is all you need,366.6
Amberlogy,475.8
SoPro,696.6
karatsu,287.1
YuKawamura,266.0
Naoki Okuda,713.5
coffy 44,655.1
Takuya Ando,841.4
ytkaggleSyan,689.3
TKYOinK,384.6
A.Ishibashi,755.6
SGY2512,336.8
fanmili,805.8
Aslan168,720.9
kenfuku,877.5
Takk,170.9
nsytsqdtn,944.9
ktk,513.1
AMIBEN,293.4
PALTCG,723.4
arm10n,349.8
Taito Yoshimura,715.3
MKLeon,287.2
Kazuto Matsui,500.3
kaggle_bbgg,629.8
Ryosuke Takeda,723.2
tahiro,425.8
yuki-yukiii,666.7
kyulkyu,614.1
ohige0831,304.2
ryuki1101,851.1
Ramesh Arvind,991.3
Yohei Nakajima,784.8
ImANoob1122,789.1
MORU,548.5
Joe Chapa,944.1
Ricebug,540.4
Toriitechforge_John,506.4
StephenNedumpally,779.5
Ryan Talcoff,401.9
MasaPokemon,658.5
hosyan,385.0
ghostiee11,868.4
SHUN_04,476.7
keigo_take,621.7
rode,731.1
TAKUTO INOUE,794.6
sukeke,780.8
Eggplanck,239.2
otani_ai_memo,831.9
HIDEYO CHIBA,669.8
TakazawaMasato,889.3
Aki Ogawa,696.9
team asayan,486.1
Miyama,574.8
Ryosei T,991.0
KT MATA,479.6
UBI=ISHI,1150
THAI TA,653.0
Ni123456&,804.8
[Deleted] b62b5e0a-0771-47bf-93b0-1d6d0c94542f,906.7
akr2428,807.9
Luck is not a strategy,825.1
ゆとり,738.2
gurene-do,980.6
yk_aiiii,536.3
SK Arin,821.4
Lurk Shade,775.0
Big Deck Energy,938.4
hiroaki obana,465.9
NaqibL,345.1
yuuuki1111,562.1
Katsuki Ohshita,590.5
Alex G,834.2
tk.mit0127,422.9
xiang li122,643.3
Mih Zam,549.5
CurveCowboy,801.1
MakotoInomoto,846.5
Sobat Bucin,542.8
Junichiro Morita,803.7
2-38.com,870.9
Naziba Tasnim,674.5
Akshay Mathur,630.3
AJINKYA CHINTAWAR,441.0
wbt,631.1
Shuri Ikeno,641.3
もたざる,268.3
Kintaro,333.6
satoshi rizard,684.6
Haoyuan Zhou,155.4
cherlilly,423.2
Kendamarron,894.0
wkonishi,903.8
orikage,795.7
Ryoma Terazawa,675.6
meteoru,700.0
shushu3,781.3
sakuyuna,572.3
ryokiti,276.3
HLKT,251.8
KH_shadow,367.2
Super Mippo,714.7
StockMagikarp,715.4
ozdogant,722.7
ktyoku,796.2
梅田真宙,492.7
Ykst51,505.1
Ars Noveau,835.1
MakiMakiAi,806.5
Matsuokaaaaa,539.6
sharakoon,461.4
Viturv Pathak,674.2
fujihara,433.9
TMiki,692.7
Abish Pius,379.2
Altair,343.2
Arceus,844.8
oideyo_shibamata,547.6
LowEffort,926.9
suguuuuu & hiehie,966.5
Paul Lockett,664.6
ML_Bear,937.5
Kingsley Compton,672.5
門司 匡広,800.2
Aregus,344.9
today,916.9
M Irfan Shahid,300.4
Yuki_Kaneko,537.5
Zero Mexico,826.1
MachinaExMachina,698.0
yamamekko,980.5
Sacha Comte 02,556.4
brave-心勇-heart,321.4
ktr,876.1
@🤞@,816.2
Altar Buyukdogan,716.8
bit_shinon,700.8
Gengar,1062.8
airMac 778,971.1
Filip Strzałka,798.3
Haixiang Xu,775.6
David Goldrajch,455.9
zumatin,547.6
poket monster,544.3
currentbranch,636.9
M2AI,689.5
shosemaru,721.1
Calcite Valentin,927.8
forest2026,234.2
kuu🍣,731.4
Sonika20000002,454.9
BluezLee,983.6
DaisukeHiguchi1126,420.5
CYLik,1150
n shuhei,630.8
inarikujirawanko,708.3
nigenight,820.5
カツラギ シン,676.0
Rauru Okitani,578.6
Sai Swaroop,531.0
Latitu,701.5
srikalyan,780.3
yoshi,821.7
Bocchieri Alberto,1010.6
H.Ito,873.7
nometoko,304.4
The Debauchery Tea Party,1358
sieru-copan,834.5
Toshiaki Satsuma,398.7
YugoHamada,713.2
Quroro,322.2
lark1115,895.4
JZ,889.6
Jackuang,655.5
TK-1120,711.4
Sirui Zeng,865.0
Brad Thompson,616.3
irontomato,679.0
ini,768.0
Cathay_TCG,581.4
Yuto Muroshima,982.2
We1chnon,836.4
shikibu9419,767.5
Ishan Kapoor,311.2
uninc2000,954.4
sakupoyoooon,736.3
Soichiro Kuribayashi,1009.4
Hung Sheng Shih,562.5
Egor Tkachenko,781.9
yukinoka,707.5
EKMorris,494.3
pino 70122,901.9
チームサティスファクション,507.7
Pumpkin@Pokeca,675.8
VSKi Li,363.6
DeeperNet,778.8
Hamadryas Baboon,657.6
チームロスギラ,1080.6
Jack Wilson,621.0
yw8837,384.1
Lee Tai Peng,383.1
ruten,657.2
MangaNow,538.1
Evex Developers,757.8
ことこと,512.1
shota.y,400.7
Do Hyun Nam,188.2
Sérgio Almeida,954.1
Hammad Zahid,687.9
原田純平,704.4
Foxyone,676.0
ShoSugise,764.0
Glucosamine,549.0
かーーき,154.3
hpp sak,956.5
Ali Haydar Özdağ,789.0
HATODADON,507.1
keith,861.6
Yaroslav kholmirzayev,747.3
Gloxynia,538.8
kashort,727.9
Anemone,847.8
betmobeton,738.7
FabrizioFedericoni,679.9
kanamen,387.2
Syed Saad Hasan Emad,966.3
Junichi Saigou,833.6
600626_วายุ,632.8
Shinichiro Yoshida,583.1
kunihiro,866.4
ra5anchor,948.4
SuperNorman,803.2
AwA,636.3
Ville,811.3
yumizu,864.3
Shibungi,798.1
STR-PAPA,720.0
Yanlin Wu 916,555.8
Keita Shimada,348.7
Pokemon001,904.5
Jimmer,594.7
t-hash1995,650.8
Lucas Henrique Mateo,634.0
qianbao hou,920.7
sharkself,648.8
Masataka Sawada,629.2
Kiratan,907.7
RyotaNakanishi,443.8
adakoda,937.7
nasuo445,876.3
Pokésonic,810.7
Pytorch,640.4
HIROYA KIKUCHI,921.6
Tsuyoshi Chiba,743.1
Solid_Sea,727.0
Ahmed A.,384.1
Miker,552.0
Mikołaj  Kłoczewski,601.1
Kawakami,615.6
Norihide Endo,619.3
KinpatsuPoke,457.1
Kun Zhang,969.2
JBMetrix,604.8
Poshiri,978.3
fttp,855.6
jskymfe,846.3
Ushimaru,696.9
Takutsu,685.2
Sifar12,654.8
ichitaro3,661.6
Mogja J,1150
nimous,711.7
Vinimar Mitu Jr,579.3
itsuki-data,962.3
Jouta_123,678.9
Mrutyunjay Joshi,673.0
Yunosuke Saito,576.1
keisuke ito,516.6
Bensonli7777,754.8
negi-develop,502.7
Danilo Antonietto,637.7
Lucas Ween,603.4
yoonick,485.2
Ricardo Nakadomari,798.4
Hawk,773.5
hieda kazvki,657.9
tarako,787.4
mmasato,406.2
JOKER777,327.5
takataok_42,698.3
YutoWatanabe,433.2
YATAShotaro,716.0
monzblog,784.1
HirotaSaurus,681.3
SHOUHEI IKEDA,358.9
takagi.y,286.9
Soraice,857.9
prophecy,697.9
Damocan,324.7
Robo Games,773.3
中村恵大,489.2
Avik Das,192.8
Rhythm Mecha,204.8
テライFACC,784.4
さやのーず,304.1
Sheldon Zhao,444.7
koppen9029,220.5
AKIYA NAKASATO,788.0
OSZ8,762.3
MaoOKRK,592.1
Eamonn Kashyap,770.1
Zammaar Shafqat Malhi,653.2
Kou Nishioka,378.3
MichaelJKnowles,687.0
festivallead,916.4
kanadomekei,722.2
Ilham Sadewa,790.9
zerotwo002,900.5
atsuken,546.0
GemNo.9,399.6
Jed Mijares,445.1
idk,734.4
spa-toni,579.5
tofumagi,409.3
hikarimaru,863.9
Michael Krager,1116.6
MSGG411,476.9
Josh Mcateer,408.6
Jotaro,753.6
tellurium_rrr,772.6
r_4vk,765.1
BarrelAged,659.2
Brandon Khuu,86.9
Jonathan Coletti,856.5
Yin Li,615.2
Handry Novianto,615.0
kotton,446.8
CoCoSh,909.5
pokemob,691.8
きれいナビ,632.2
Ming Fong,838.3
JackChenghao,694.3
ta2yakwhr,126.2
Tokiya Osuka,784.4
hymn_fun,542.7
moya,617.2
motono0223,977.0
OKDI,786.0
ggbong,350.0
Zenith08,498.5
dyuan311,518.4
Kyota,889.3
tsuzuk1,471.2
wingsyuyi-satori,595.5
Kz hara,596.0
とりてんチャンネル（とりてんチャンネル）,436.4
Biel Escola Rodrigo,984.1
Mingzhang Hu,612.6
Richard Nam,248.1
Jack,1025.2
Y2Dex,831.0
Kamal Das,914.0
3.14159265,410.7
Shiro Sugawa,810.8
schezo,647.8
Legend Brothers,1064.2
James Christian,282.4
Alessandro Campolo,870.8
kyuuuuro,728.1
Yudai Ueno,875.7
Akifumi Okubo,757.8
onechan1,980.9
APEC,962.3
Vedant A.,646.5
choku777,637.0
tuannm3812,661.3
くさまかずき,241.5
やまちー,766.1
flower_DJSHS,417.2
Ankith Savio,864.1
Luke Stafford,522.8
Ajito Nelson,663.5
nikechan,727.6
Kelvin,934.2
ODers,956.6
kashiwashira,1150
Francisco Stahl,603.3
Takanori Abe,415.6
Masaruto,583.3
Ryutogrrr,749.9
松原柚月,842.4
vkhydras,762.3
Oddball45000,830.9
suraki0120,837.3
kawasaki12,450.3
shota,893.4
Dale Jung,473.3
monao462,541.7
Luca Lullo,527.8
One,815.4
Josh Greiff,543.3
4san,738.2
Mark Cooper,659.6
daphniapulex,661.1
Fayche,774.3
tadhase,1003.6
uta_ccc,859.0
GoodSmell,958.0
Blake Mosley,831.6
Jarl_Bulbasaur,421.5
Niko Kristanto,686.4
Hiro0811,850.3
Saikawa_Yui,778.3
dodeuse57,553.6
colapis,611.6
kurikuri54,372.9
ruce015555,759.6
Alfath Rayyan,229.5
史永刚,937.2
amamori-041226,765.5
Patrick Graham,642.3
chocoseiya,592.9
lingyu07,994.4
mochikiichigo,765.1
kurushun,919.9
Tae Shin,658.7
Yukari Kotoha,890.0
kmizunoster,811.8
REi0077,630.1
atpmara,637.8
hideMonkey,877.2
Kagura_UT,543.4
We Are Slow,551.9
erde,381.6
NekoChan-NekoChan,857.8
inoue0x54,538.1
ZAOUI_Yassine,582.0
discoverybytes,620.1
holyholy,890.4
sati1996,348.1
Jeki Wan Taufik,863.6
kglctf,875.3
daniel,632.9
AnkushSnigh,360.8
Ngoc Nguyen Tuan,646.8
HanaMew,367.2
Dracufeuer,728.3
zoroark190,1145.2
Ryon,808.5
Suleyman The Magnificent,659.5
Edgar Silva R,599.7
カントー地方マスター,1150
KENMANGG,350.7
ロケット団参上！,510.5
jalp,802.6
BeesRock,359.6
nashu,299.8
shige,941.1
Boseiju,745.1
TomoyaM,574.1
Gregers Rygg,652.2
d_tree_love,580.4
Oikawa Kota,509.9
nakanoData,806.5
fishing_kiyogon,383.2
なかよしポケカ倶楽部,657.1
yankang_XZK,635.3
SH11235,981.2
Shiny-Rayquaza,480.7
Banger_,719.0
maimai #2,277.0
WAKIYA,543.2
yatosa,664.2
MatsuyamaKAiho,548.0
pham,798.1
Just a Student,549.7
sakura_atm,562.8
Alberto Bonsanto,857.1
Matthew Huang,918.3
lowbackpain-slime,535.7
Starmie is all you need,848.0
Testuo&Ryuji,1037.6
nakazu,907.9
キーウィ,974.3
Yuto Kobayashi,509.2
joecorder,692.3
Leundai,980.1
Atom McCree,541.0
hikaru_ishihara46,424.9
taiga honda,788.8
patamaru,679.1
kidekikish,589.3
aidy,1139.4
Yohanchen,818.5
machiko_osada,524.1
shuto,275.0
stars_w,837.3
Takupon,795.9
urnotsam,562.4
NomiBoo,626.4
Nur Srijan,839.0
Nomiyama　Yu,914.4
yomogi mochi,1150
YAKIIMO3,779.7
X- ray,547.2
いもぞん,245.5
ばう,982.3
Murat Kolic,731.6
Dapp,774.9
Sima Sinha,323.7
Seiyo,970.6
Heitor Westphal,630.8
chephes,519.2
kenta matsumoto,785.5
yasu. 78,381.1
matsu12,348.9
Enoki,744.3
Benjamin Zhao3927,880.2
hardik rathod,683.9
Testete,728.1
kmdrism,474.9
つるかす,687.4
illunome,910.9
koki334,833.7
Amedeo Biolatti,936.4
Rishav Dutta,543.7
small pond,558.8
MeWe,618.9
Ryos8515,827.2
GENGARDEV,827.0
joicygiore,937.6
hector cardenas,454.8
RiJ,738.2
PikachuKawaii,530.9
TomCAT,425.1
yugen louis,705.0
Manoj Gowda BG,341.1
junXD5,870.1
eierapfelxx,825.7
GIVE ME A JOB,728.4
sixer srinath,450.0
Boiled Nail,834.9
Hirotaka Sugawara,770.5
Rixu324,585.5
Alternate,607.9
Breno Mazza,66.6
Iwakiri Takuya,686.5
pinoko,911.6
Eigetuin,253.5
nakano?neru?maru?ruru,711.3
Uzi_0003,641.3
DŨNG HỒ ANH,622.4
桜草メイ,409.5
Soma,992.2
Bulbaflare,421.4
Keach Inoue,574.7
Ryounosuke Kouriki,667.3
おべんとう,415.3
Hiyato,790.9
Mountain peak,800.1
pupipupi5,785.3
N.Y,403.1
masat,837.8
Chris Dalzell,473.0
Vicky Maan,749.9
Ryutaro,354.0
RamaswamyBala,444.6
SKMAAX,709.6
Rebis Global,671.3
kmj200392,286.2
Dian Deng,723.0
ksew364,494.5
habakan,906.2
yujifuji,430.5
てうぽけ,718.1
dranblade,434.8
iwashi,1077.7
MaybeIcanShow,955.7
YUSEI SAKAI,657.6
curry panda ex,640.2
masaaki imai,587.1
Hiro Nomo,1047.7
Uchitom,601.3
Terutora Tachibana,375.7
Visruth Kakaumani,327.4
Tomo & K,672.5
andayougui,639.4
Masashi Onda,307.2
Hiroshi U,798.8
Cheshire Cat,674.6
kambarakun,854.5
Mibbles' Lab,819.1
PewPew,502.2
sakaitt,723.5
Taro Nagasawa,354.6
Magikarp,927.5
yuji y,857.9
Humbletofu,832.6
Retlinac,585.4
Suzuki Mari,739.1
bengle,941.0
pokelarp,555.3
FabienDaniel,865.6
Takusato,831.8
iwatsushi,728.5
atom1231,1069.9
Mao Nishino (mao1756),819.0
Francesco Sardo,647.2
T T (りっきー),493.3
ElliotC,677.2
Yusukey12,839.4
ラーメンたべたい,469.5
Kazuma Mori,644.1
molmot,848.8
Mike Zeng 2009,569.5
SO0529,820.5
泣きむしサメチャン,621.0
yaya__k,452.3
tetsu31,662.3
nisimu197,764.8
Matsuda040708,770.7
Luca Guerra,672.0
odakazu,558.2
iwtn,627.5
__Taichicchi__,560.3
akahane,698.5
e-toppo,1019.3
strayuru,839.5
Dicer992,1000.8
skorry,766.3
Adam Radziwanowski,1027.6
yuki jyono,686.3
L1LI4N,726.6
zhuo wamg,704.6
oldoty,701.3
Kyogre,1050.7
Tomy,405.5
Maximiliano,351.6
pysong wang,497.3
easonyanyan,803.9
tw_shin,985.4
DoAI,671.0
Joey Mckee,812.3
IwaKri,539.7
Ryosuke Aihara,755.0
kosian8128,856.0
dungeon-master,883.0
takusemba,937.4
Satokenize,789.1
askBillyWhatMamaDid,728.2
yasuna,602.3
ei8171,995.0
Kabuto0421,484.9
Hikaru Umeyama,873.9
Jules,799.5
bruxelles,435.6
k66,1029.3
Nguyễn Giáp,840.1
MECHINE,390.3
david valor,1010.5
Danish Shakeel Mohammad,362.7
Tsutsu_01,436.1
CatPurrgramming,516.3
Sam Branham,763.0
Juan Lavieri Goiri,841.4
Iwami Daisuke,627.0
Limo,615.5
bukichi,527.5
Philipp Thoss,790.4
Changdao Chen,961.1
aruuu,597.1
bakata,815.3
kutty1119,846.6
LagrangianLocomotive,1065.7
Yuki Kawakami123,363.4
Abeeb Adesina,677.3
Tang,825.8
Pino,165.0
kemurayama,994.3
roiall,879.8
rotto,916.9
nyoomp,757.5
keiz,549.5
fujiborozoukin,943.3
Kei Yamashita,367.0
littlestronomer,539.5
八反田拓磨,492.8
Duc24KDL,626.5
yuyu_kato,389.4
gemelom,772.2
町田遥裕,586.2
blibli.com,542.3
SeiichiroIshii,466.2
DeepMew,533.2
Daisuke,660.3
imamutya,493.9
Akamatsu,861.5
barrybao123,978.5
Satoluca,793.7
Kosuke Izumi,494.3
kaliafluorido,892.3
Ankita Priyadarsini Mallik,330.1
Sota Uchiyama,769.7
kosumo77,835.1
Adam Conan,337.4
\bleel00,798.7
Yiding Cui,804.9
BlueBuild4,799.6
NaOH,545.0
EunchaeSong,532.3
syamoji141,491.1
Nao Komura,672.9
lostejas,444.6
gakki,600.3
Ebi,755.0
サム・マウンテンマン,651.9
UTSA-NLP,578.2
nynyny67,639.7
hagglemekaggle,287.2
Team_Rocket,928.2
sageintelli,603.9
monaou,897.0
RyuMizu,929.8
uttc,520.3
opavinia,394.7
Thomas Semczyszyn,665.7
Galza98,879.3
Ontamasan85,784.5
caprest,487.2
Syuta,857.4
inbalkiv,709.4
romthpt,970.7
YKumazaki,644.6
shuto_shizuku,569.9
bird 01,303.4
takumi12345,455.7
cgaines,599.7
Wazowski,579.9
xyc6667,616.1
Alberto Mocchi,847.2
影山祐介,522.9
River (River_jp),476.4
JiMing Feng,654.3
Seikan Suzuki,957.9
bu,378.9
Dino Xie,218.2
Hiroyasu Okuno,506.5
NiniSan,603.1
Keith Fu,293.7
harmo-miu,716.8
coken256kit,584.1
Wawa_shizuka,755.3
Hayauchiwasabi,744.3
Scoops Martin,475.7
lolzpo,897.7
tai,809.5
Maher el Ouahabi,1044.3
dburns,595.0
nozmulll,539.6
Yuto Asano,447.6
Togo,965.9
YukiMaitani,725.2
Tom,705.6
hitoy,655.6
Douglas Winston,667.3
Larps,812.1
Skyraider,1036.2
溶岩,732.3
Berk Ozak,412.4
YounsungLEE,660.4
長谷川太一,685.5
Yuki Suwa,842.5
Collatz conjecture,795.5
AlphaPoké,674.7
Hondo Tamez,543.1
n=1,856.6
tsing hua,479.9
yuki16,880.1
Raid al maani,194.9
Pacomin,741.0
YaYu,522.6
Bianco Chiu,886.0
Dan Arreola,549.6
のはたく,490.7
Benedek Brandschott,382.7
nakashima723,766.1
SaiDuttaAbhishekDash,774.6
Masahiro Tanaka,739.1
Sholtis Labs,725.1
dmiyabe,839.9
YehJames,987.0
Ben Malaga,802.8
toiru1999,878.7
Soma Nakamura,576.2
CodeHacker,497.0
nnnnio_pppira,436.1
Juan Francisco Ortega Aguilar,210.6
3fk,542.5
nitronine269,593.7
Virtute,338.0
kabu strongest legend,867.8
Parth Raj Purohit,829.1
RyuseiHiko,821.2
Ousagi,500.6
nofreewill42,487.9
ITK8191,696.4
saeNeko,686.7
Nozomi Maki,747.8
Editor Jugnu AI,827.0
hoodrichpirobo,756.7
しろしろ,663.8
nnadrian,621.3
Sushi Party,477.6
madoka1111,464.0
huchkw,420.0
MIutrix,349.9
Davide,819.6
Léo Bouscarrat,321.7
Ryu_san,519.3
YuhiVT,794.0
drektmr,479.0
TATEHA,348.1
Yuto Umehara,791.3
tochiri,784.7
Takao Mizuno,754.9
Pranesh Jayasundar,753.7
Paramita,684.3
yuto,637.0
mocky700,723.4
TomBombadyl,939.8
bambi_create,690.4
Aji Samudra,653.9
Chattso-GPT (Yasuhito Yanagisawa),607.0
ポケカ頑張る,607.7
MrSamu18,546.6
kenkoooo,971.8
すも（もす）,449.0
Hayato AIDA,790.5
waticson,781.9
高橋拓夢,395.3
TrustHub hiroingk,1150
minoruno,537.2
Cem Orhan,749.0
nori_wave,442.8
Pikabrew,513.9
SebaMG,694.4
Yu Zhang,304.5
Shake912,628.6
secchanu,850.3
theredbluepill,808.4
Abhinav_Abhinav_the_one,595.3
Chua Zheng Wei Brian,758.2
Zejun_,832.2
Jake L and Kevin L,764.3
stevenleehans,709.8
kaito2140,480.4
hiroyuki-sh,705.6
Awajima,456.8
MartinZiserman,893.0
Eric Wu,573.5
Confusion,249.0
KanaWorksAI,564.3
nonpapa,558.7
Rn86222,423.0
yiyi,346.7
Where is my orbit,789.1
daiki_H,311.0
小山佳祐,748.1
pensukesan,682.8
okg,899.9
Djenk Ivanov,674.0
ZAKI8742,653.5
脱0コイン,612.9
Kazuya Shiroshita,689.6
Ezra #2,616.4
Chikuwabu,581.2
Brady Meighan,589.5
Abdul Wahab Khan,845.5
Shuang Ranse,540.2
Blacklions.,1008.0
Stepan Antonov,221.9
TakuyAI Obara,223.2
Miyashin,414.3
Tyrker,750.3
Akira-Ninth,1110.9
tellusium,988.7
ryupoke,583.6
john,830.9
alvanli,311.9
sam_the_rice_cake,901.6
둔갑숨기,158.3
keibrown,932.6
akachocobo,645.7
Takeshi Tanno,758.1
Ha huy,468.0
Kers Aoyagi,849.8
Henrique Mancini Castilho,636.7
Yusuf Murtaza,701.1
yuukinos,612.8
kiwi apple,650.7
ベイズVMAX,846.3
tf,803.1
nianag0,490.1
Joseph Laurienzo,434.8
Lam Mo Kit,820.6
Ioannis M,855.3
jack9999ske,663.4
bono,633.0
JosephMontana,1007.5
ayato_suzuki10,830.0
ZephyrRising,698.2
suh-sunaneko,747.6
Tyshi79,664.6
RadicalAceK,570.9
岩田泰久,560.1
EnoMi4mg,358.8
[Deleted] 87d00d5e-2534-45ed-b859-3d272112a525,354.6
Alejandro Espinoza,454.2
gonchaaan,436.0
yuki #3,323.5
Mr. Bro,354.4
Gaarv,367.8
Akshay Punjabi,952.8
sqrt4kaido,1051.3
ajisto,544.6
Kazato Takahashi,856.5
Anh Lam,641.9
NoOne,925.6
copasta,879.9
masaume,545.0
Yamadai,744.5
kinakomochi,718.0
showtree,951.6
warabiimu,712.0
yoshimasak,965.1
Sanjay6727,547.3
yuyumaru,295.4
Kaiyu28,696.6
KenLatte,837.0
primal,798.1
peeta pit,725.2
Nicola Li,801.3
BrendaScarleth,338.7
Evan Liu,754.9
hukuda222,483.0
Cheddy G,309.7
shanpu,688.9
Bozo Boys,760.3
orchidee8081,389.7
yasu,897.2
Ryu K,330.2
hosoka-r,616.8
Masa,599.0
kanana-studio,607.7
Hiroki Maruo,564.1
Kelvin Lin BU,209.8
大野ユウラ,1010.3
Qin Wen,697.9
shop_0761,658.8
yukichacha0227,463.3
Kyohei,726.5
Zane Cheung,356.8
pikap pika pikaa pikachuuuuuuu,191.7
KentoHako,1019.0
Louis KLASING,552.5
Botamochi,728.9
Rojiomote,999.8
Moricha27,783.3
kazusw,745.6
Zer0 Karat,718.0
YOKKO,882.4
ZETADIVISION,887.0
COLD,826.7
TakamaruEX,754.1
tomatomato,1297
gota,558.8
kawaiy,472.4
enim,430.0
yskt_min,718.4
Yuh Kim,687.6
Debangan Mali,477.4
Supermercado,627.6
Konosuke_Takeshima,655.8
ゆしりめ,619.7
toko2222,276.5
【ＡＩと共に、ＡＩと戦う】tubotu,1026.4
Takahiro Matsumoto,553.0
hhku,925.9
kokenbo,564.0
Kenshin Kikuchi,755.8
Antonino Zumbo,700.7
mrk,545.9
yoshitown,246.9
J.Moriuchi,990.1
Fornalha Criativa,647.5
Morim,965.3
そうめん,884.7
pokeka_ryo,1047.9
fuku_support,402.6
sironekosama,524.7
salmon2nd,868.5
SpeedSci,767.1
折扇戏美人,653.9
sereinless,602.8
sqdhnt,737.8
hbchao,789.1
colt,988.7
IMMANUEL SAM PRADEEP S,229.9
aosi123,531.3
沢栗 ぺんた,576.1
mogura2.0,989.1
sunako24d,708.2
cshara,311.2
"Pied Pie, LLC",326.4
YOGESH M,526.2
YOSHI SHIRA,694.7
ADS,896.4
Nikukyu,692.5
Pikachu,981.1
ramaswamyrama,440.4
Ruko,907.8
SunSeeker染汐,293.9
green gum,269.9
yomi,806.5
half pizza,789.8
CCoffie,1066.7
Voyager,791.9
MD. Nazmus Sakib Anik,755.7
Shizupoke,663.0
hyonu0620,817.2
TLM13 LABS,789.1
Shawya Saito,749.8
tanitou,696.9
Master-Zero1,328.4
kazuki0123,1161.3
MPGaming,833.9
RMatsugen,916.1
BabyCows,494.9
Midori Tatasuta,564.9
akmr,858.1
dnish,795.8
keithtyser,565.3
lxh unbound,813.8
yimin0130O_O,833.7
Kaileh57,760.4
Canon,907.4
Victor Gonzalez,927.3
kmiya61212,794.7
tsukida,514.6
aramaa_game,711.3
shawnYiB,169.9
[Deleted] d2d01a41-e61c-4d9b-b355-e1424512bf13,563.3
ShuHaya,565.0
Samyakraj Bayar,965.0
FATE GATE,220.8
CoreyJamesLevinson,718.4
Hiroyasu123,797.4
yu_gotou,723.6
Sou Hano,786.3
KDelapeace,360.3
にゅーおじ,497.6
ApoloVTGC,793.9
ぽいぽいスプラッシュ,725.3
balikin,859.3
srm463,759.0
おやつパンダ,675.2
Gururaj Krishna Sharma,665.8
V0!dR0^2t,577.6
patchgi (パッチギ),356.1
ba,678.7
yaruwo,959.9
Phu Hung Dang,733.3
Vinit,444.8
LosiSt,866.4
otomarukanta,208.1
No Free MIST Energy,302.3
Takaaki Matsuda,1023.5
Yuki Tani,617.2
Michael Long,1018.0
HCRL,698.5
Miniac,785.1
Shun Tsukuda (しゅん),626.7
YasunagaTkcNkmr,627.5
EfReI,474.7
Opallo Collins,560.2
Pichazu,869.0
HaruFu,715.0
pontamaru,661.0
Jeffrey Pike,587.7
Aib4,919.5
REX1314,336.8
LLLJ,689.3
Alyce Miki,901.6
Jake Peterson,504.6
nakayashiki697,975.0
ninjya777,585.6
まきしゅうた,345.7
Plamen,964.3
roroppu,743.8
CoorDi,281.0
asarinoyado,408.7
3as6Bl,791.9
Hase2727,652.1
Rich,557.3
Kapilraj R,867.1
Heracr0ss,304.9
zk,650.0
Kiran Vitly,356.2
hatata,916.7
himatani,761.4
Hermes Lu,287.1
PRADEEP HEBBALLI,226.1
Quentin Gense,643.4
ChawanutCharoenthammachoke,374.1
piyomaru,749.2
Jiang,975.5
mmwstudy,836.4
Muhammad Hayyan Akhtar,415.2
siguremon,510.3
Made a Beautiful Bouquet,873.2
nagiya,662.1
cmoney,805.5
MizoTake,724.6
YuyaSuzuki,910.8
瀬川尚紀（おしるこ）,351.7
D.Minami802,940.9
Hi Im Ryo,690.3
ミズゴロウ,495.3
renoyu,406.5
DAIZU,479.2
Yousef Turk,824.8
x-team,669.1
sol12378,778.9
IntelligentApe,821.8
yamy893,1150
persn,854.0
naotoyo,192.8
Charismatic Pizza Party🍕,868.1
Tomonobu Niwa,839.8
Anirudh K,1007.2
Chen Ken,486.3
taiyoooo,838.8
四月一日,806.1
kapenon,727.5
Rmy,721.9
nishiyamadaiki,669.3
Yut176,584.1
George Olteanu,567.4
Remi Wynthein,549.5
Morcillones,572.1
Rafael Montañez,741.2
AAlphaAA,612.3
SHINTARO,556.8
TEAM NIPPE,397.1
あーしこそがろりこ,242.5
TTITIM,661.6
Saito kazuki,708.2
nd77dn,531.8
ShadowCoder,817.5
Te2hiro,461.2
Kityyomu,888.5
Xiangjiang Zhou,788.9
Felipe Garcia,782.4
MinkMinkMink,463.3
Dan Ah Tou,488.9
ZEC Keita,565.9
YukihiroMaeda,729.2
SatOmOri,690.9
Alphote,611.0
Hiroki WAKAMATSU,307.3
qb,553.9
(¬‿¬),903.2
Shun,795.8
G_AGA,614.8
Chrismaghuhn,738.4
Gonzalo Asencio,568.1
Subhy Affara,534.2
openrasmus,727.2
Jack Gell,499.6
大津俊雅,554.6
Gronk,538.3
Hum1060,327.6
Hachi TCG,345.2
MASAYU KOBAYASHI,644.6
Astandri K,786.5
Mathieu Bartels,393.4
Shaun Leong,690.3
teruyukikato,482.9
nnc,735.5
hiromu matsukiyo,610.0
Justin Tang,411.0
Luca Torre,732.0
Vavilkin Alexander,791.9
bokukaraijo,796.2
夜鷹ねりあ,573.2
Millerbyte,412.0
Lizzi Ti,233.0
Zarkys,609.8
William_Rod,715.4
yk-3141,671.5
Xenon Soh,1030.1
GoodMorning,1026.4
Kev' Vervier,567.4
Jared Luboff,572.6
soraKING44,397.1
Itton_knight,627.7
Dinesh kumar Thiyagarajan,605.7
Hidden State Labs,576.0
satory074,542.0
Wisdom Dogah,777.9
kkkk,445.0
Map1e,452.6
mizu.ii,833.5
Pietro,627.9
jiku0730,609.6
piska,552.6
Yuk!,537.9
Imamu,844.9
wao zhang,988.5
hide29,381.9
uenohara-s,460.9
Nyano2525,580.9
ali rehman khan,539.0
hex,97.0
ikaikasama,754.0
ebisu_ya,950.5
Xstella,850.0
CodeAmansa,758.6
Kmart0112,567.5
野原拓也,466.5
plume013,702.1
DD Adai,641.3
Avec Dorayaki,494.1
David Tan,766.1
Articuno0144,712.3
YOYOPIpo,843.2
ごんさくよねきち,879.7
OceFFFF,477.1
chaojiwudiwujie,678.9
TrentXr4y,592.1
Yunus Emre Sarıduman,720.4
dreamtear,986.9
Emre Cirak,988.0
jun.2.tam,646.9
naisow,432.7
hoshippi,816.1
funahara,580.0
aporo_hirokichi,524.6
sekken,883.5
AFC,552.1
AJAY JAIKRISHNAN,394.7
Kakimoto Takahiro,885.3
kotatok,399.1
Prema Ananda,853.8
Spintronic,642.5
みちみちすたーきんぴか,677.7
shu-tanuma,655.0
Yosuke KOBAYASHI,500.6
Magikarp0916,851.3
hk15,602.3
Teru O.,433.1
GeniusYY,699.0
takuya noto,1089.0
f.a.nina,1034.0
Phil Franco,498.3
sbite0138,552.1
SachinChand,565.9
于笑非lilishyxf,744.7
Danik Hollatz,470.5
KIHA-X,353.5
hike_on_bush,290.9
Himi Yamato,1039.6
Vamshi Krishna Emmadi,852.4
Ai_1asy0525,764.9
sury,846.4
HaogeBob,734.5
今井大登,748.6
ko_kuramoto6,823.2
Dustin L,703.0
fabio rovai,756.7
GO HIROSHIMA 2,992.6
momoon,783.8
NAUTANAKA,508.1
Latte,767.7
YusukeSai0407,714.5
TAKUMI7775,471.7
H.Y,619.9
kinocode,595.3
MoongladeAI,580.2
knomura03,952.4
Yizhi,609.3
mamahi,325.2
MooDerEchte,925.3
PRANAY MANE,672.6
heliosli,775.0
Sohshi Nakamura,755.9
Ryosuke Inoda,305.0
Koki Funahashi,980.7
Y. Onodera,452.3
David Selin,722.6
kurota0612,995.3
Yu Kodate,218.4
Jagannath Athmaraman,789.3
sea_mountain,731.4
mojao,483.8
dolphin,865.0
ZH1K1NG,343.1
kabukicho,741.4
渡辺光洋,618.7
阪田竜生,580.1
ulaph4,265.8
Aditya Singh,353.7
llkarill,1050.3
yuichiro miyamae,719.5
Mateusz Pawełczuk,1039.4
jin ryoma,570.5
Katherine Rich,303.6
Maikidantyou(Kusopocket),495.1
Roo333,600.0
Michael Pershin,680.5
Halcy8312,589.5
Geumhwan Hwang,564.5
kimlee,337.7
東京旅行,922.5
salty bear,675.1
Kento Umeda,458.9
Bennett_Y,806.2
RK,1032.7
[ODS] waniz,879.0
Dominic Lo,603.7
chenyZan,749.0
pocky34,709.7
高山龍馬,777.7
Yang Gao,553.2
Mikiya Takada,468.0
vividmind,353.7
TABOUT MHAMED,632.6
peacemonkey,687.9
lveshi,378.1
大田重吉,342.9
ゆんぼぼ,867.8
blanca985,634.3
uhyoppo,681.5
nicolas maine,476.8
VAAAANG,780.5
cocoa_at_jp,173.8
zunzun_ikouze,729.8
taka548,758.2
gakushiai,544.3
Nishanth Rajan,322.4
suk1yak1,835.3
eld,305.7
kakenn,670.9
rinov321,967.5
Poemcourt,806.8
Aliy Elbekov,538.2
hoshimori,710.3
deady_ogae,264.6
pingtian,765.3
Pengfei Zhou,342.4
jiatu.l,836.4
Mindnightdestroy,682.6
daiki_pyonkichi,707.6
Sugiyama Tomoki,725.8
AnDy Trần,353.6
af21081,423.8
Abraham P. Jaison,479.2
AILogDev,551.8
kamonabe,826.9
FromAtom,524.5
naranja1223,950.4
titako0000,851.4
eimanjibot,323.3
カドラバ Kadoraba,1150
ParrotHunter HD,599.7
Baidalin Adilzhan [dsml.kz],866.6
JOTARO WASA,705.7
RedBaseline,532.4
denden12,869.4
Team picoea4rll,423.7
miso,430.0
eiji noguchi,810.3
MS-05 ざこ,901.4
Galactic Adminz,616.2
UrbanFox,494.1
Pokopia,678.5
prime,825.8
和弥江口,277.1
Gilobear,214.4
yayoc,550.0
Hamu.py,929.4
AI Agent By TYMU,702.7
Keiya Yamashita,589.3
sh1nduu,759.8
Giuseppe Lentini,584.1
Aman Sharma,789.9
KINOKO MIURA,869.2
shunkun_san,914.9
HarukiArai,318.1
Kristian,796.4
chamboabi,878.2
岡村卓磨,363.7
chibakee,526.5
keito k4,773.4
sou yamaguchi,852.9
鈴木裕登,812.5
SantaClaws,988.2
NiuNiu,277.8
Sameeigaman,335.4
Kazuhiro Sato,725.2
Akanashi,636.4
Yoshiki Okayama,1029.9
Ten Uchikawa,886.2
koiwashi,954.1
zumi zumi,762.0
Kaito Sugiyama,605.7
岸本蒼唯,602.3
Ryan Rumble,403.3
gawa0000,369.5
puraza,991.0
OBS$E$SED,865.1
Toboggan,702.8
mw,1034.9
Psychic Genesis,968.0
Anamitra_04,468.9
NimaPoke,312.3
williamm,703.3
Seymon Zhang,520.5
Rushil Ramachandran,593.3
XP3RiX,808.7
mizoi,690.0
Garchomp,699.9
Soomana1z,535.6
kenimuku,439.1
Xunden,1001.3
山本卓哉,513.4
milix,1150
Shu Kato,793.4
Libra,980.4
Brista T,94.2
Pradyumna_Official,528.6
suis101,912.2
stellab,454.1
GUOHAOYANG,198.5
aca-ta,1007.1
MoMy,837.6
田口雄大,635.7
yoshikawa,571.2
kuromaru10yen,282.1
The Rocket Science,805.0
atayanZ123,839.0
Team Rocket,1007.4
Blu3s,977.2
STS Works,634.8
結君水鶏口,594.6
秋田優斗,357.3
shadoxi,770.0
Kauê Cezário Cunha,188.6
satofi,696.3
Utakata-SciFi,656.7
nanannan,899.8
Nishant Dahal,564.7
Zhenyu Zhang,943.4
YUZO BABA,599.4
Blair Dupre,684.2
Sol Rogers,771.7
MysMon,830.9
dxjjjjjj,497.5
Hiro Wang,540.5
Benji Bromberg,885.1
Ry_Sa,780.0
TEAM MAGMA,310.9
oggata,669.4
Ivan Kalesnik,601.7
deepika.ss,788.4
Zscorpio,776.4
Ryan,682.0
EmperorGodking,824.6
hida1211,637.0
Packsilog TCG,640.3
孤独のコーヒー,594.3
Nineso,347.8
bacon4423,536.6
taka,963.7
kose maeno,916.6
kokinnwakashuu,788.7
TorNoz,600.0
leocrivels,832.4
Forager,649.3
typeIIIfairy,162.8
P.J Leek,203.0
ondy0705,955.6
NaviCE,538.0
Kan #2,668.2
Apocalypse7,270.1
ttmn,672.1
yuki #4,404.8
hana_c,379.5
Coconnut,589.9
k.wata,239.0
kokomi,802.1
Rishiraj Acharya,628.5
crey joswick,584.5
xue1213,733.2
makimakiver,691.9
Peng Wang,611.8
Денис,809.7
tsubas,332.5
kunugirasuku,407.8
NoOneAhead,874.4
Tyler H,714.5
Wasabi,977.3
Yoshinari Fujinuma,746.4
Akito Matsuyama,610.7
qtarou1111,292.3
KollekTCG,760.4
好吃的台灣拉麵,940.8
James Shi 8808,385.4
Manato TAKAI,523.7
Morro do CPV,402.9
CANGHAI,262.4
TooaimiKa,834.3
Mayu Takagi,745.8
yoshi2no,688.6
Kengo Yoko,662.8
Rohit potdukhe,649.7
rin araya,529.2
すーぱーひとで,934.5
Jane Long,611.0
fanta1127,327.7
Takamasa Muto,781.3
richwomanbtc,875.9
radozaprazny,761.9
ichika17,589.4
Kazama Yusuke,1011.1
genki_hagata,385.3
Pixegami,987.8
magu,976.1
Choruru,976.8
Kokoro0711,688.3
hiro_fumiko,807.4
Yotsuba_4848,717.0
R. Yamada,848.7
TMMT,841.5
Aman Atar,712.2
Honty01,703.4
eryu1225,689.1
Junliang Ye,662.3
Abhinav Kotnala,335.3
keisuketsukagoshi,717.5
shibushun,1039.6
solu199,256.6
Sergei Fironov,799.4
PandaBananas,761.5
supermelon,743.4
b13902103_yuhung94,696.9
osakana_daisuki,597.1
Pokemon Garı Gacıyo,799.3
satouttu,558.7
Amon Shibata,470.3
MORIOKA Tsuoi,676.7
HiroyukiSasaki,983.0
Kasuga,706.1
SamuelSanolume,738.5
Stas Chereshkevich,575.5
RMensinck,682.5
MATSUMOTO Ryutaro,547.7
Enoch Kwak,489.4
yamatchan,645.0
Hack2Publish,892.5
Kohenyan,1150
tk #2,939.3
Penguin,921.2
YangAoTian,915.1
kenn,750.5
baudo828,693.6
aaa,650.0
Sweta Jain,676.9
Yusuke Sakurai77,454.2
渡邊征央,932.9
gagacrow,826.4
Mukesh Patil,306.8
TOM@love,854.1
あかくま屋,556.0
黒田海斗,368.1
rsuet61,831.5
sugayuki_993,777.5
yamayuki_poke,330.0
BOOM,836.5
Hao Boyuan,552.2
Emanuele Sicurella,196.2
wartauk,445.3
Cem Secim,269.8
nao_370,758.4
Gakupide,442.2
ジェニファー,461.6
KHira,449.3
M093.jp,814.7
nao2002_,705.6
jinjaeru,456.1
xinpw8,1047.5
1000PARTY,734.1
Aidle,698.5
Gyoukou,695.3
osugi-1,829.5
Ken Page,735.4
MushaKGL,650.7
MtN,741.4
Sean Jones,699.9
Pensuke,520.7
Lazy Bandit,548.9
Lazaros Avramidis,473.5
venom,769.5
KASSEN inc.,295.1
ne Artem Savchenko,1002.1
whitness00,595.7
BuffaloMike,734.2
Hahnter,782.3
moeuuu,709.8
palsanp,669.7
Yuzuki,975.4
Ryota1216,773.1
SUGI,755.2
miura-iori,622.3
TakosukeAI,689.1
Sugano Yuta,829.4
tomoniyukiwo,263.9
Mark`n,725.8
Fri314,747.5
Koki Kawamura,741.1
K3nsho,735.7
Kazuta MIZUTA,1055.4
chiri.,712.4
jin hiratsuka,713.1
yanto,675.9
mikelou1,1060.0
curosfaiya,222.3
Harsh Patel,580.7
Aphrodite,778.1
Ryan Offstein,950.7
Marron22246,832.8
NIT_PokemonS,691.8
titanascended,869.2
ryo aoyama,522.9
Hayhay2323,743.8
akiyamage,935.5
Fran Milla,905.7
fishymints,711.4
hiroyuki tahuma,900.5
S.Aoki,780.6
DreDree,649.7
Eli C. Lowry,789.6
masuo machidori,855.1
cm391,723.9
Nicholas Low,697.8
Praxel,970.9
namachiya,689.2
EPHEMORIA,779.8
morux2,736.9
KAgent71,668.9
Aiagate,659.0
TakapS,586.1
Hale Obernolte,725.6
Masayuki Ueno,974.9
NukoNiko15,1028.0
tarinta,369.4
AibePC,911.6
skurita,932.1
tetsuro731,841.8
Shunsuke Higashi,615.9
mealck,528.6
Jon Duea,339.7
What’s Next 4,670.4
Ichigo_E,764.6
Yu Tomita,661.3
Bill Xu,548.0
Thomas Vu,377.3
MTL Agent,696.1
tong00,416.0
greengreenpurple,632.3
Haruya Tanaka,725.9
monst_dama,950.9
ikeyu,860.1
szyulian,798.8
sukesuke012,820.9
yusuke emoto,705.0
Josh,311.8
Zak88511,692.3
Kitaev,274.1
CardPilotLab,1009.7
mouriman,853.6
田原,784.6
Yuu K,837.6
Timmy Juicehouse,963.2
carlos marquez,324.4
suwat513,1052.2
Shridipa,567.0
Cipher-integral,600.5
Rajan Nagarajan,958.8
Spacekuma,636.5
szlachetny snieg,636.0
"Yuka,Ota",517.0
tudoumono,432.9
nakotsuko13,467.0
MADICHETTY SAI RUCHITHA,575.2
noki_UNNC,431.1
KakuTakagawa,985.9
Rivals Duo,779.0
Pocha_chachacha,846.3
OOM,978.4
Ericakcc,606.3
Myckel Uribe,1028.8
xiaocidontrun,47.1
AgoniE,697.8
anagosan110,548.3
LORD DREGS,446.5
Aaron Cuellar,531.6
Vu,550.6
pokecard_kaggle,727.7
twakaiki,650.2
islet,877.3
Yugoawawa,547.0
Robotron,776.6
hdttnk,423.7
Kunal Aarse,1026.8
ペンギン,546.3
Amon Suzuki,779.5
Marek Nurzynski,862.1
チャーハン,750.2
sashimi0402,770.0
Ryoma Suzuki,635.5
Javakky,297.3
Kai Buchmueller,669.4
Nozprod,625.4
Benard Otieno,375.6
trail,910.9
ischca,283.3
datawizardd,867.9
QAQA,444.5
tomato414941,1005.4
石sion,889.3
Shiva,819.3
Lemming,683.9
maxwell_ml,924.5
Kamalesh Panda,630.3
Rintaro Moriwaki,768.5
Zach Lindsey,366.9
TOMOYA Tsunakawa,1005.7
Thomas,581.3
ChillR,880.0
cununn,440.5
東　勇介,714.7
WenRuitan21,496.3
tereka,351.8
unprosaiclabyrinth,536.2
ACoder,961.1
TmT,719.1
jongyoon,835.2
Raghav Pant,493.5
Shoh Son,454.7
Feonix Y,446.4
ter4,293.6
Tatsuya Ariga,500.2
ha-sanC4,547.7
MAXIMUMDataScience,476.2
HOMEWORK_L,759.7
kenN2439,940.6
"Pikachu, I choose you!",848.4
怒破餓鬼,695.4
Mokuren Narisawa,942.6
Madhav Suresh,605.2
Zachariah Glad,593.2
Gachimoto,672.5
Shuzo,769.7
Rafiozoo,440.9
C&P,657.8
Johannes Reber,434.6
Ben Desprets,836.9
can_cam,820.3
cata,640.6
Haramball forever!,878.6
Rin'z Uznir,794.9
JmpM,693.6
hiroki kameyama,642.3
Perunari,407.8
gtansu,708.6
Iwa Iwa,1029.6
Kaneko Mio,424.4
YY0422,562.0
kami,690.7
GOTCHA,633.6
shiratama,881.4
ItsukiYamamoto,667.2
Cayce Crushers,477.7
Orion,921.3
Reilly Cooper,608.5
kotsuton,897.2
DavideVNT,470.6
CIARANA,512.2
talkinglion,630.7
okuokuyt,387.6
Klein Houmani,795.5
POPCORN,795.4
なるなる,796.0
Yuji Nomura,641.0
s_a_ai_enginner,894.3
Amalgam,428.8
RairoRapha,963.0
tmizm,952.5
Dakuma,956.7
Hideshima,593.3
Yan Enrique,519.9
Daiki Mukaiyama,361.8
gospellkawa,321.7
asida shun,290.4
shikisoukan,704.1
Obaachan Sensei to AI Gundan,418.7
Dons,540.4
Muhandro,1032.1
Benjp8,489.4
Klenio Padilha,369.6
Gary,532.9
nobker,780.0
yeonggil7,398.8
Shinichiro NAKAMURA,213.8
ZealChou,678.0
しゃけた,683.3
わかくさコーン,758.2
Jack Yeung,807.9
Harigane Ippei,887.0
ega_water,655.7
Kiyo-Dai,691.4
hotpotbro,1018.7
Paddington,414.7
IDG,181.2
Boss's Orders Are All You Need,1033.4
nekokaeru,785.9
Chunibyo,679.3
Bryson Tang,347.5
Tomonari Inagaki,332.1
tonghuicheng,861.2
hosaka kodai,774.2
Benarg,912.4
Andrey Kulakov,812.6
sender1999,539.9
ARNAV PANDEY,408.7
RIIIIIIIteq,614.8
Hiroki Koga,139.5
César Adrián Delgado Díaz,547.5
toshizo,683.8
Parker Morgan,807.0
Heros,635.5
はっししゅう,587.2
nenten,555.6
田中裕大,576.2
Joshua,39.9
naoido,791.9
souyakuchan,734.3
Lukas Simokaitis,646.9
中村友哉,483.0
夯,884.7
Octavi Grau,1000.7
Hibiki Nagadome,400.5
PICNIC,865.4
Ryusei Nishide,797.2
AlizzeZhang,285.9
Mostafa Sherif,411.9
pino,72.7
AEONcorridor,803.8
nick gault,869.3
mapatn,439.1
Asa-sotta,916.9
m09855,530.2
ABfry0620,750.3
Cotini,480.0
TAKAMASA SHIMA,446.2
okayuHY,418.0
uuji-qvp,1150
Adi Kumar,501.3
TTT Is All You Need,1064.4
Komil Parmar,836.6
kaito ide 31,562.6
ayasse,699.6
Gappy,769.3
Iliamna,991.3
Shubham Choudhary,833.0
japan nobu,811.8
Yusei Sakagami,657.8
AKIRA TAKADA,638.8
reitan4742,708.2
hiong-e,317.1
shintacs,598.4
太田颯紀,408.3
Issy,579.7
Xuan Zhang,680.8
mayuki,776.8
Bruno Ramos Martins,530.2
yuki,834.2
FMBRO,661.3
Yaoying Cai,831.7
Yoshinori Sato,314.1
yuto16,359.8
Shuto Sagawa,664.6
nenmaku,458.6
te1111,378.2
takuyay,701.7
Yuta,430.4
kura54,803.0
terassyi,782.2
Mamo,879.7
kokuto k,431.0
kinotako,695.3
Devesh Dua,338.6
TK0227,642.4
InkCartridge,967.5
Oleksandr_Savsunenko,1041.7
kishingo,533.5
TaNiHf,417.3
onigiri_meal,367.7
mhiro2,688.8
kwn mmm,472.7
Vishys,325.5
tamref,755.4
Aisen Lopez-Ramos,711.2
inu1234567,636.1
GoodWill,525.7
Larpmaxxing,302.3
Roman Vinogradov,532.9
pp25,811.8
Gestalt Lab,442.0
長野秀俊,735.3
kabik,720.0
domkade,677.0
ﾖﾈｸﾗ ﾃﾝｾｲne251225,666.2
Anthony Guerrera,584.1
Genocide Hashimoto,393.6
Shivam Gupta,705.2
Albert,615.0
ChampionTCG,598.8
lilylily26,528.2
GreatestCutie,476.2
Yam,788.7
esu_mitsunari,558.1
gon_fox,1077.6
Birusupi,810.2
Luan Pham,549.8
Sophinator,492.4
Lapra5,1033.2
kazunokooo,178.5
Laerti Shabani,164.3
tomworks,839.2
Jeon,625.8
Lumina-jp,287.8
NeckBeard,766.1
Nathan Arellano,636.7
IIDA,863.0
Charles Wallis,622.0
Hanliu0408,978.9
Ayodeji,902.2
Jett Huang,894.1
Daylon Crider,451.4
DaJimmy,1001.7
StackKnight,714.0
Haekal D,453.7
Hare Miyashiro,457.3
Ash,567.8
kfuku,468.5
marusho,407.5
goonew,907.2
JoJo Lerner,391.0
小野修平,658.4
pickles0923,534.0
mewworldorder,446.3
K.Yoshida,886.4
minfaox3,747.4
濱津祐貴,815.6
Masataka Sato,833.6
Wyatt Ethier,185.8
OchiAI820,567.9
皮卡丘战队,713.6
Fitzounet,708.9
ahawd,644.6
cazzie003,338.4
うつせぎ,879.6
takentake,677.4
塩尻祐大,825.8
Takuma_Tsuji,793.2
DiadoraTCG,559.7
DforDragon,546.0
treo_hihihi,585.9
Yuminosuke Sato,679.8
Ishizue Lab,676.6
rian55,825.4
TTKeHH,809.9
D kameT,661.8
takumina,1007.9
Yuki Fukamizu,628.4
shoot0645,610.9
Nicolas Gomasjaya,527.6
Kazutoshi Inoue,653.8
Guenoir,787.6
Aditya Mishra,463.9
Sutieng Sin,226.8
DevAIL,764.0
실험용생쥐,798.4
FOYSAL,892.9
MERO TOKI,1025.3
cannotflypig,725.6
KellersInColorado,739.7
beast in SIMOKITAZAWA,367.4
kohbanye,581.9
Max Manushin,656.8
DeMoN_2202,714.8
Dylan Tartarini,463.0
Manu Iyer,565.8
Chrono IT Channel,431.5
TheDuck,621.0
Skyscraver,882.5
Mojumbo,853.3
I'mAI0320,664.7
たけまる,807.3
mokemokemokemoke,622.1
_vasu_.063,608.7
datnt114,887.9
Alex DR,542.1
hayato240,553.7
soyukke,644.0
ABC Leokin-TV,678.6
GrossmanLabs,420.2
ankounabe114,706.2
Samuel Birocchi,633.2
Tomohiro Kawamoto,723.4
Daikon99,601.3
Yuichi SUZUKI,561.1
CPAO,676.9
THE A TEAM,863.0
SoraTakanashi,743.5
pankit kumar,841.8
Yuki Higashi,442.8
oliver,533.3
三枝木貴浩,1031.7
ZM0526,524.4
Sebastian Lashmet,744.9
CHAEHYUN LIM2,807.2
ryogaga,358.8
sysullf,457.6
kajitake,775.9
TimmyX,735.6
Hiroto Tarora,536.4
torawo_2002,359.7
blackseashark@gcvt,801.4
solenoider,647.2
hakobe,589.9
カワセイ,243.8
Sakito Horie,827.4
Chong Xuan Ng,719.2
Shingo Kotake,699.1
kaykay,517.0
hisa ito,552.0
Sung Heo,624.4
Corey Thompson,470.1
Suuuiiii4,279.3
Nono,529.5
mackerel is all you need,793.6
ポケカ前線,763.8
しょーへー,592.5
Team Rockets MAGIKARP,675.8
firstbreak32,472.7
Samuel Verneri Ojala,800.7
Aaron Fletcher,763.4
Larry,608.1
Klee319,571.8
mi22mi,722.6
Xuemai Xie,529.5
THIRD PTCG Club,1137.3
jeruman,853.7
ezreal77,1087.0
aki,779.1
VMelville,745.8
asahi,773.9
suzy su,509.7
Joe722,345.1
Anvith Pothula,902.0
HughTCG,744.0
yukiharada1228,571.7
S. B.,769.2
Hamish,553.0
Lili Zhang Adams,433.0
Yifang Zhang,562.5
Farley Law,272.0
UJ_shinozaki,529.7
kokatsu,986.9
TakayukiSPIC,568.5
saishi hghr,484.6
失忆的海_,880.5
M Hirano,565.4
Huttonion Inc,758.2
BackFiring,884.4
S RＴmeg7,826.5
Stef Limited,778.4
Misaka Mikoto,881.4
antimaterial,763.6
h_jun,734.5
hacotowha,643.9
Night March,781.6
Masayuki Kimura,644.1
jesus riva,603.6
Naoki Susami,670.9
Minh Ly,602.4
Tatsuya Goto,738.5
Hishi057,590.2
perrodawn,816.1
yshinok,776.5
DaifukuMochi,680.7
ys1997,550.3
Masatoshi Taniguchi,852.7
Sohan,474.0
joshuachoo,752.7
Active Grass Touchers,482.6
Артём Свинобоев,797.7
Tsukuru,777.7
Clawdia Sakamoto,782.9
jwils4,480.3
如月メノウ,969.3
進め！きぺお隊長,984.3
Techolve,403.5
Jesús Martín Fernández,841.0
Robina,939.4
Cowboy P,772.3
Arda Karakaş,716.2
JuhoPark94,582.8
Mathieu W,878.0
Mystique　Kobayashi,288.4
渡邉瑛貴,1036.0
Takuma Ishii,563.9
HIKARU MATSUDA,528.7
Trinity Tea Party,458.9
RNA4219,641.9
Abhi,798.1
AZ,375.6
iwawawawa iwawa,835.6
Challengestone,270.7
kokoa,456.3
norosen,365.0
r0ki3day,902.1
shinichiro uno3,821.8
ArnabKarmakar,566.4
Christian McBride,512.4
まーやん,828.6
y_nakai390,813.7
kmn,697.8
Jiachen Li,870.3
Jaisal K Jain,861.1
ODOP0315,559.1
wen murohy,813.2
むにちゃちゃ,753.3
イチノセ,523.0
yuziri,888.5
trisector,738.7
Jonathan Donham,574.4
Vookmarket,353.6
soranaki0404,746.3
torusuke,743.6
ZihaoKuang,534.1
Bisa 1,838.1
Naoki Osako,860.7
MichiFuna,858.8
Tzuchuan Yang,823.3
shuheitagawa,710.7
Eslam Elzamkan,416.0
harappa,769.9
nugui-nugui,695.2
Deeptanush Kapaka,837.3
win a real gold medal,841.6
Andre Luiz Barbosa,266.1
リュミオーネTom,669.9
saku_tohoku,679.4
tetsu2131,989.3
Marko Rupnik,818.0
Ryoya Tsuruoka,660.6
hayle60,782.9
omoch1...?,985.4
600505-ศิวกร,595.5
AyFukushima,718.8
ちょはん,648.3
SPARSH PATEL,527.3
SEIICHIRO Kojio,657.8
sawasawasawa,878.0
Substitute99,792.4
Tresure,472.5
Kohei #2,655.9
Med.T,368.2
KuroNeko_Game_Club,631.7
pztriatomic,902.6
yukiyuti,379.4
Rijul Gupta,639.5
shimejimeshi,768.6
Alexey Akinshchikov,343.4
kyoumonemui,990.0
ПИКА ПИКА ЧУ ЧУ ЧУ ЧУ ЧУ,1037.8
tenajima,851.1
Ra'uf Fauzan Rambe,799.1
Brian Chuan,673.8
Yichen Ao,773.5
Maxim,527.3
Amarett,274.1
Noppo,821.7
Лукин Алексей,971.4
Ricky Yuen,840.8
Paras Sharma,740.7
Luo,873.4
DOMinators,461.4
Arnav Dagli,484.4
mingjiang,371.9
suzume41,944.5
Simon Holk,247.7
dafujii,733.0
Electro Knight,506.4
pattikamo,858.0
Exodia,863.1
Jingyuan Huang,702.5
Noalith,600.9
Thomas Cook,779.5
Donald Galliano III,172.6
S4nkurero,929.8
Yuulis,548.7
NAKANISHI Yoshiaki,655.6
mk_,789.3
automatylicza,860.8
Hiryu,780.8
monsaraida,997.9
kq5y,824.3
8et4,129.4
Civitas,450.9
Shunji Minode,957.6
Shardul Gharat,683.1
昊天宗乱披风九九归一,929.1
Matthew Y,728.2
Nene Gotanda,675.7
ZEZE,633.6
Jihua Ye,842.4
Ashutosh Agarwal,506.5
insuperabilehart,666.7
Pavel Kerbel,532.6
永谷宏介,778.8
AdityaKrishnamurthy,516.9
nitoyon,636.4
Chris Tiso,487.8
nekukoro,497.1
Ryohei Hara,356.3
EMANUELE MARLIA,596.6
Yusuke Aoki002,568.8
Nobu Hirai,693.9
Steven66886688,748.4
瀧山翔平,525.7
Tys TANA,787.7
Darren Koh,761.4
Masahiro Nagasawa,985.3
dansuke,619.1
Kirby Tran,136.0
czechmix,710.8
WO LOAD,653.3
ひげだるま(inovie株式会社),883.7
GluePickel,909.3
Harnoor Singh,211.0
Jack Hunter,507.7
kotakota1234,824.4
Fidèle José kOUAGOU,708.5
Regulus2838,424.3
michaeloblak,695.1
sa s,570.5
vetsin,296.0
ningeeen,701.0
kaggle.omusubi,353.4
gaony,372.2
Colin19,635.2
Edwin Ho,724.0
Electoria,622.2
헛개나무,664.2
YanXiaohan666,830.8
Gracie,394.1
Ryosuke Nagamatsu,496.2
Nqcqlx,491.6
Joshua Magady,604.2
lopunny's lovers,806.0
Pablo,515.9
Aditya,942.9
宮原景信,669.0
testuser,656.2
Yunioshi,466.6
Vishesh Banna,867.6
sake-kuzu,282.0
podenco,767.3
シン ソウイチロイ,607.5
phalanchang,493.7
Nora,727.5
Aleksei Balandin,583.1
Kana Yamaguchi,867.2
itofuki,450.1
PNGN,816.5
The Malaysia Peas,433.2
Varun Rao,336.5
matsurih,904.9
YukiIde,285.0
PokéPoké,1009.4
starclan,876.3
hatakazu93,987.8
Tardigrades,720.6
bobfromjapan,286.0
Fotone,631.9
shindannin,384.9
Anhad Mahajan,964.5
rmizuta,509.5
cherry_luvly,832.3
Ayush Thakur,329.1
macaron,790.2
Anmol611,568.3
ayasaki rin,653.4
Senn88,632.3
Kujaomega,907.2
stray dog,317.7
Simon Côté,207.0
(ノ◡ <),845.3
yousan,735.1
Mansi anil kadam,479.8
André🇧🇷,347.0
Evily Evihut,856.0
Sasaki Shoya,353.0
松野恭成,438.7
Metamor,885.1
TrevorSheehan,719.1
SENGA,542.2
Ras,666.2
Flying Banana,575.0
h_noson,790.2
Andreas Bretschneider,652.8
ren-ai,369.5
jrubiosainz,873.8
yuarth,324.8
Kana,782.2
ItsEvie,378.6
honjousetuna,955.7
Aicy14,25.2
CyberGhost2077,759.7
tonpeeee_pokemon,657.5
Misha Shikhov,862.9
Snow Yan,325.5
yyou97,685.1
神～卍ぴくるすうどん卍～最強「ミラティブ配信中」,832.8
kiyu,904.9
Yuya Shintani,551.2
Ezra,200.7
hibikisato0413,564.4
okicom富田,491.3
senseiphone,860.4
oooooootu,384.6
tantk7,847.2
naokichi4869,675.5
YOYOYO2026,462.5
MoriTeruto,294.0
Battle Data Base,759.0
sea8gull,985.2
電気通信ポケモン大学,1017.2
Mymonaka,801.1
iketatsu,734.5
JIBINA EA,586.6
aigood,769.2
Haoyu Yan,261.5
shyGnome3,895.9
Toshiki Tsuchiya,771.8
Naoki Takagi,395.4
Zbida,591.1
XtraLearning,860.4
pipi14ramu,744.2
Cybolt Solutions,711.9
ToraaaAa,390.8
CMK,1014.6
Gumi Bera,381.0
MEP,801.8
Ingenio,946.5
Adrian Dubois,846.1
Martin Stoyanov,493.6
suruli,772.7
Wellch,680.3
dT3Tbx,628.1
chris,477.3
H. Ashida,346.3
matsutomo,190.5
DenisEdwards,716.3
Oikon,623.3
tanako-,832.9
Noir,845.9
Can Kural,976.2
mage03,856.7
Kenji Ishibashi,692.1
Albert Wang,837.9
PokeBotty,744.8
Shinichi,553.6
yiyu0716,1006.6
ToMo,693.0
Takeshi&maria,448.0
Gotta catch 'em all,972.8
ReefSnax,365.6
JJ Bean,753.5
okayu777,880.5
EasonLee0917,700.5
monicrew,873.1
しみずたいせい,562.5
nicov8810,656.8
Martin,403.1
machapin,856.4
rikakei_no_otaku,803.0
DiuDiu,742.0
natsu,729.7
Michał Łapiński,710.1
Hiroshi Ikeda,686.1
kanade73,430.5
DaiPh,757.9
Laysen,571.3
illness fubuki,825.0
Twin Energy,519.5
guregu321,368.0
tomek kur,407.1
Shima_2054,466.5
Par_Kahe,667.8
Spanish Duck,664.8
sasaki,370.3
Shawn Sullen,813.0
Ruhex,611.1
Koshiro Yasuyama,559.8
Kasasree Google,973.1
gibbonhugs,963.5
prod1gy,825.0
ささきん,736.4
ryan panda,664.6
m-murao,660.4
Banjo,988.5
v0m0v,847.0
hiroki ogata,793.6
X.X,767.7
WUJIAHAO,458.9
YamamotoKazuya,674.1
TidalBuckeye,543.3
fjtk005,352.6
ko_fusion_JPN,416.1
Javier Arturo Gutierrez Sanchez,935.7
Thazzeus,657.7
YUTO KOJIMA,769.1
Ksterx,781.8
Santipab Tongchan,561.6
Bowowen,798.7
Sera,445.7
"""yui""project",579.5
Jack12xl,719.5
nkenji,817.5
team TDL,550.8
ZhouActor,332.8
Hritik Arasu,813.1
wattanx,573.5
flatton,687.0
AnSuSu,972.3
[Deleted] 91a15118-4b67-4743-9d3d-30db5dad7efe,443.5
和田竜一,893.4
Konno Ryoya,399.3
AGNT.gg,883.8
Yuto Uesugi,727.4
SuicuneGS,810.0
ララ！ラボ,675.7
Libur_,624.9
tera358,602.7
熊本啓汰,700.7
Amon Kizawa,777.8
Hải Đăng,310.4
SOUTA Sakurai,706.2
Keisuke Ota (Kei),530.4
payanotty,985.9
T-Sumida,434.9
naoto harada000001,396.3
sidney niu,816.2
Yusuke #2,693.1
naoto714,679.7
あびかし,661.1
nikepoke,408.5
TeamSCSQ(チームスクスク),841.0
R.Kaikura,715.6
jhjh,357.6
InformaBook2,926.5
msd0110,640.1
CHS,308.5
foo_foo,901.2
KenPTCG,626.0
Team 阿頼耶識,892.6
hookbook,723.6
gaskitcg,577.9
Wilson Mugabo,749.9
monisoi,790.6
fredpk,730.2
Aevion-Labs,727.0
R.I,484.6
torahirod,463.3
Oscarmoon09,406.8
Quinten21,353.4
Mudkip's Machines,315.9
aka9999,232.6
ytk03,592.1
Manish Swami,509.5
oimo_tabetai,651.2
RRR1712,306.0
harapeco_onakasuita,401.5
yuya,556.4
Hyun-woo Kim,520.9
victorvv,984.4
Yxy2001,945.1
"tomo48""",836.5
STS1106,600.0
shimadadada,516.8
mgoto51004,957.8
Ryosei Kojima,1150
KanngaiAgriculture,683.5
コモルー,681.7
あじゃる,792.2
Juan Resendiz,505.0
Nailin2005,231.1
Soulemane ISSIFOU,979.1
tonakaiiii,1209.0
gakutomo,657.5
Pokemon Catchers,829.0
hdt666,494.6
yuki #5,325.8
みがわり,1150
micchy,692.0
yosuke kurosu,690.0
menace369,844.1
Gilberto Santos,309.5
Eriya,167.7
Handudu,854.8
Yuki Ikeda,620.3
ArthurDa,715.8
Anup Patil,451.5
ktDAMA,599.6
TDENIS,595.2
Ant,970.2
Kazukichi,329.9
Nouzen,802.7
nethakase,403.0
fie_plachta,778.6
maaggle,654.0
Marcus Vinicius,766.9
toruneko,625.6
astriarty,932.7
Sophie,885.5
GS,712.7
katsuya-pokeca,773.5
Keanan,223.2
POModolo,370.9
elijah ledger,367.4
tototo,804.0
miyakokonbu,762.2
akiakane,545.5
Keisuke Hirose,663.1
gonbe,712.1
E_96tree,757.1
Viktor Antonov,226.0
ykhnkf,985.1
Miguel-jp,844.6
Luscaassz,380.5
Lester Leong,529.5
kuma_jp,931.8
Emanuel Perez,750.5
Kazeneko,938.0
からし,646.1
wsdsby,985.3
Ikki Katsuyama,770.8
Ren Yamazaki,518.2
paraina,283.0
shallowfieldagon,736.8
I wanna be the very best,630.1
ibushimaru,483.5
AmiciDelPo,825.5
Dauthui,794.2
ojicat,786.0
Evan Kim,518.5
村松 大介,644.6
canesro,525.0
tktkyamyam,785.1
syuuuuu,817.0
TEAM NAME,1064.5
Mohammad Hatoum,560.5
Kouto,465.8
PokeMoE,706.8
HeartGold,561.7
Arkat Khassanov,711.5
